--
-- PostgreSQL database dump
--

SET statement_timeout = 0;
SET client_encoding = 'UTF8';
SET standard_conforming_strings = on;
SET check_function_bodies = false;
SET client_min_messages = warning;

SET search_path = system, pg_catalog;

--
-- Data for Name: appgroup; Type: TABLE DATA; Schema: system; Owner: postgres
--

SET SESSION AUTHORIZATION DEFAULT;

ALTER TABLE appgroup DISABLE TRIGGER ALL;

INSERT INTO appgroup (id, name, description) VALUES ('super-group-id', 'Super group', 'This is a group of users that has right in anything. It is used in developement. In production must be removed.');
INSERT INTO appgroup (id, name, description) VALUES ('ff94bfad-7079-41ea-bf4b-6962e36cad1f', 'Test Classifications', NULL);
INSERT INTO appgroup (id, name, description) VALUES ('CommunityRecorders', 'Community recorders', 'Community recorders users, who can submit claims');
INSERT INTO appgroup (id, name, description) VALUES ('claim-moderators', 'Claim moderators', 'Group for users who can moderate claims, submitted by community recorders');
INSERT INTO appgroup (id, name, description) VALUES ('claim-reviewers', 'Claim reviewers', 'Claim reviewers');
INSERT INTO appgroup (id, name, description) VALUES ('CommunityMembers', 'Community members', 'Community memebers, who can view claims');
INSERT INTO appgroup (id, name, description) VALUES ('10', 'Administrator', 'SOLA Support Staff. Users assigned this role have the ability to configure and administer the SOLA application. E.g. Add users, configure roles, update system codes, edit business rules etc.');
INSERT INTO appgroup (id, name, description) VALUES ('20', 'Search and View CofO Information', 'Allows users to search and view property information. All Deeds Registry and SG GIS staff have this role by default. Other staff (Technical, Accounts, etc) can be assigned this role as required.');
INSERT INTO appgroup (id, name, description) VALUES ('30', 'Search and View Only', 'Allows users to search and view application and document details as well as the Map. Printing documents, map or application details is not permitted');
INSERT INTO appgroup (id, name, description) VALUES ('40', 'Team Leader', 'Team Leaders (including Director Lands and Deeds) can approve applications, re-assign applications to other staff and generate lodgement reports. This role should be combined with the appropriate staff role (e.g. Deeds Registry or SG GIS so that the team leader has access suitable for their section.');
INSERT INTO appgroup (id, name, description) VALUES ('60', 'Deeds Registry', 'The Deeds Registry staff. Users assigned this role can lodge and edit registration applications as well as generate Certificates of Occupancy.');
INSERT INTO appgroup (id, name, description) VALUES ('70', 'SG GIS', 'The SG GIS Staff of the Technical Division. Users assigned this role can lodge and edit applications to process survey plans as well as view CofO information.  They cannot generate Certificates of Occupancy.');


ALTER TABLE appgroup ENABLE TRIGGER ALL;

--
-- Data for Name: approle_appgroup; Type: TABLE DATA; Schema: system; Owner: postgres
--

ALTER TABLE approle_appgroup DISABLE TRIGGER ALL;

INSERT INTO approle_appgroup (approle_code, appgroup_id, rowidentifier, rowversion, change_action, change_user, change_time) VALUES ('ApplnEdit', 'super-group-id', 'be35b284-99dd-11e3-8e17-1b1ace45a197', 1, 'i', 'db:postgres', '2014-02-20 16:19:00.912');
INSERT INTO approle_appgroup (approle_code, appgroup_id, rowidentifier, rowversion, change_action, change_user, change_time) VALUES ('SourceSave', 'super-group-id', 'be37ae5e-99dd-11e3-ab3e-0fdfb55fc8f9', 1, 'i', 'db:postgres', '2014-02-20 16:19:00.912');
INSERT INTO approle_appgroup (approle_code, appgroup_id, rowidentifier, rowversion, change_action, change_user, change_time) VALUES ('RHSave', 'super-group-id', 'be37fc7e-99dd-11e3-9f1f-3b8feb1de6e3', 1, 'i', 'db:postgres', '2014-02-20 16:19:00.912');
INSERT INTO approle_appgroup (approle_code, appgroup_id, rowidentifier, rowversion, change_action, change_user, change_time) VALUES ('BaunitSave', 'super-group-id', 'be384a9e-99dd-11e3-ab5c-5bc965cc7e7a', 1, 'i', 'db:postgres', '2014-02-20 16:19:00.912');
INSERT INTO approle_appgroup (approle_code, appgroup_id, rowidentifier, rowversion, change_action, change_user, change_time) VALUES ('newDigitalTitle', 'super-group-id', 'be3871ae-99dd-11e3-81f3-03c2ac371b43', 1, 'i', 'db:postgres', '2014-02-20 16:19:00.912');
INSERT INTO approle_appgroup (approle_code, appgroup_id, rowidentifier, rowversion, change_action, change_user, change_time) VALUES ('ApplnView', 'super-group-id', 'be38bfce-99dd-11e3-83a5-cf3409079481', 1, 'i', 'db:postgres', '2014-02-20 16:19:00.912');
INSERT INTO approle_appgroup (approle_code, appgroup_id, rowidentifier, rowversion, change_action, change_user, change_time) VALUES ('ApplnUnassignOthers', 'super-group-id', 'be38e6de-99dd-11e3-95bd-9770ac5860df', 1, 'i', 'db:postgres', '2014-02-20 16:19:00.912');
INSERT INTO approle_appgroup (approle_code, appgroup_id, rowidentifier, rowversion, change_action, change_user, change_time) VALUES ('ApplnDispatch', 'super-group-id', 'be390dee-99dd-11e3-8363-2be6343e5ee2', 1, 'i', 'db:postgres', '2014-02-20 16:19:00.912');
INSERT INTO approle_appgroup (approle_code, appgroup_id, rowidentifier, rowversion, change_action, change_user, change_time) VALUES ('SourceSearch', 'super-group-id', 'be3934fe-99dd-11e3-81e6-ff925fc58f63', 1, 'i', 'db:postgres', '2014-02-20 16:19:00.912');
INSERT INTO approle_appgroup (approle_code, appgroup_id, rowidentifier, rowversion, change_action, change_user, change_time) VALUES ('ParcelSave', 'super-group-id', 'be395c0e-99dd-11e3-95ce-0f471bdd1a3c', 1, 'i', 'db:postgres', '2014-02-20 16:19:00.912');
INSERT INTO approle_appgroup (approle_code, appgroup_id, rowidentifier, rowversion, change_action, change_user, change_time) VALUES ('PartySave', 'super-group-id', 'be398328-99dd-11e3-ba89-739b74f32793', 1, 'i', 'db:postgres', '2014-02-20 16:19:00.912');
INSERT INTO approle_appgroup (approle_code, appgroup_id, rowidentifier, rowversion, change_action, change_user, change_time) VALUES ('cadastrePrint', 'super-group-id', 'be39aa38-99dd-11e3-9048-371578945fa5', 1, 'i', 'db:postgres', '2014-02-20 16:19:00.912');
INSERT INTO approle_appgroup (approle_code, appgroup_id, rowidentifier, rowversion, change_action, change_user, change_time) VALUES ('newOwnership', 'super-group-id', 'be39d148-99dd-11e3-97f9-d7ceb07710ef', 1, 'i', 'db:postgres', '2014-02-20 16:19:00.912');
INSERT INTO approle_appgroup (approle_code, appgroup_id, rowidentifier, rowversion, change_action, change_user, change_time) VALUES ('documentCopy', 'super-group-id', 'be39d148-99dd-11e3-8579-e3b27f46e726', 1, 'i', 'db:postgres', '2014-02-20 16:19:00.912');
INSERT INTO approle_appgroup (approle_code, appgroup_id, rowidentifier, rowversion, change_action, change_user, change_time) VALUES ('varyLease', 'super-group-id', 'be39f858-99dd-11e3-a111-ef4dca888f7e', 1, 'i', 'db:postgres', '2014-02-20 16:19:00.912');
INSERT INTO approle_appgroup (approle_code, appgroup_id, rowidentifier, rowversion, change_action, change_user, change_time) VALUES ('RightsExport', 'super-group-id', 'be3a1f68-99dd-11e3-96c8-6bb4cf2d8e4c', 1, 'i', 'db:postgres', '2014-02-20 16:19:00.912');
INSERT INTO approle_appgroup (approle_code, appgroup_id, rowidentifier, rowversion, change_action, change_user, change_time) VALUES ('ApplnUnassignSelf', 'super-group-id', 'be3a4678-99dd-11e3-abb5-d7c1555810bb', 1, 'i', 'db:postgres', '2014-02-20 16:19:00.912');
INSERT INTO approle_appgroup (approle_code, appgroup_id, rowidentifier, rowversion, change_action, change_user, change_time) VALUES ('SourcePrint', 'super-group-id', 'be3a6d88-99dd-11e3-a714-9348875b49ba', 1, 'i', 'db:postgres', '2014-02-20 16:19:00.912');
INSERT INTO approle_appgroup (approle_code, appgroup_id, rowidentifier, rowversion, change_action, change_user, change_time) VALUES ('ExportMap', 'super-group-id', 'be3a9498-99dd-11e3-be27-277f11e0107e', 1, 'i', 'db:postgres', '2014-02-20 16:19:00.912');
INSERT INTO approle_appgroup (approle_code, appgroup_id, rowidentifier, rowversion, change_action, change_user, change_time) VALUES ('BaunitSearch', 'super-group-id', 'be3abba8-99dd-11e3-9497-3b28e1959885', 1, 'i', 'db:postgres', '2014-02-20 16:19:00.912');
INSERT INTO approle_appgroup (approle_code, appgroup_id, rowidentifier, rowversion, change_action, change_user, change_time) VALUES ('newFreehold', 'super-group-id', 'be3ae2b8-99dd-11e3-97e6-8f45a4d555f9', 1, 'i', 'db:postgres', '2014-02-20 16:19:00.912');
INSERT INTO approle_appgroup (approle_code, appgroup_id, rowidentifier, rowversion, change_action, change_user, change_time) VALUES ('ManageBR', 'super-group-id', 'be3b09c8-99dd-11e3-beaf-0f51942e145e', 1, 'i', 'db:postgres', '2014-02-20 16:19:00.912');
INSERT INTO approle_appgroup (approle_code, appgroup_id, rowidentifier, rowversion, change_action, change_user, change_time) VALUES ('ViewMap', 'super-group-id', 'be3b30d8-99dd-11e3-b151-43f166b2f9ca', 1, 'i', 'db:postgres', '2014-02-20 16:19:00.912');
INSERT INTO approle_appgroup (approle_code, appgroup_id, rowidentifier, rowversion, change_action, change_user, change_time) VALUES ('lodgeObjection', 'super-group-id', 'be3b30d8-99dd-11e3-9a92-934c3732f30b', 1, 'i', 'db:postgres', '2014-02-20 16:19:00.912');
INSERT INTO approle_appgroup (approle_code, appgroup_id, rowidentifier, rowversion, change_action, change_user, change_time) VALUES ('servitude', 'super-group-id', 'be3b57e8-99dd-11e3-8561-43f3abce7cf9', 1, 'i', 'db:postgres', '2014-02-20 16:19:00.912');
INSERT INTO approle_appgroup (approle_code, appgroup_id, rowidentifier, rowversion, change_action, change_user, change_time) VALUES ('PartySearch', 'super-group-id', 'be3b7ef8-99dd-11e3-ad3d-efd661357772', 1, 'i', 'db:postgres', '2014-02-20 16:19:00.912');
INSERT INTO approle_appgroup (approle_code, appgroup_id, rowidentifier, rowversion, change_action, change_user, change_time) VALUES ('historicOrder', 'super-group-id', 'be3ba608-99dd-11e3-9afc-5329cffa47ae', 1, 'i', 'db:postgres', '2014-02-20 16:19:00.912');
INSERT INTO approle_appgroup (approle_code, appgroup_id, rowidentifier, rowversion, change_action, change_user, change_time) VALUES ('systematicRegn', 'super-group-id', 'be3bcd18-99dd-11e3-9b02-bf0ac4a794c8', 1, 'i', 'db:postgres', '2014-02-20 16:19:00.912');
INSERT INTO approle_appgroup (approle_code, appgroup_id, rowidentifier, rowversion, change_action, change_user, change_time) VALUES ('removeRestriction', 'super-group-id', 'be3bf428-99dd-11e3-819e-37f517b49261', 1, 'i', 'db:postgres', '2014-02-20 16:19:00.912');
INSERT INTO approle_appgroup (approle_code, appgroup_id, rowidentifier, rowversion, change_action, change_user, change_time) VALUES ('ApplnResubmit', 'super-group-id', 'be3c1b38-99dd-11e3-805e-0b401e2c096e', 1, 'i', 'db:postgres', '2014-02-20 16:19:00.912');
INSERT INTO approle_appgroup (approle_code, appgroup_id, rowidentifier, rowversion, change_action, change_user, change_time) VALUES ('ApplnCreate', 'super-group-id', 'be3c1b38-99dd-11e3-a16d-ab5abc6b4a8d', 1, 'i', 'db:postgres', '2014-02-20 16:19:00.912');
INSERT INTO approle_appgroup (approle_code, appgroup_id, rowidentifier, rowversion, change_action, change_user, change_time) VALUES ('mortgage', 'super-group-id', 'be3c4252-99dd-11e3-a5ff-3be2b662f009', 1, 'i', 'db:postgres', '2014-02-20 16:19:00.912');
INSERT INTO approle_appgroup (approle_code, appgroup_id, rowidentifier, rowversion, change_action, change_user, change_time) VALUES ('registerLease', 'super-group-id', 'be3c6962-99dd-11e3-962f-8b5c1490d936', 1, 'i', 'db:postgres', '2014-02-20 16:19:00.912');
INSERT INTO approle_appgroup (approle_code, appgroup_id, rowidentifier, rowversion, change_action, change_user, change_time) VALUES ('caveat', 'super-group-id', 'be3c9072-99dd-11e3-88f9-f7819f3e21c9', 1, 'i', 'db:postgres', '2014-02-20 16:19:00.912');
INSERT INTO approle_appgroup (approle_code, appgroup_id, rowidentifier, rowversion, change_action, change_user, change_time) VALUES ('removeCaveat', 'super-group-id', 'be3cb782-99dd-11e3-acea-eb6c66630d07', 1, 'i', 'db:postgres', '2014-02-20 16:19:00.912');
INSERT INTO approle_appgroup (approle_code, appgroup_id, rowidentifier, rowversion, change_action, change_user, change_time) VALUES ('surveyPlanCopy', 'super-group-id', 'be3cde92-99dd-11e3-ac4a-4327f6ee3548', 1, 'i', 'db:postgres', '2014-02-20 16:19:00.912');
INSERT INTO approle_appgroup (approle_code, appgroup_id, rowidentifier, rowversion, change_action, change_user, change_time) VALUES ('varyMortgage', 'super-group-id', 'be3d05a2-99dd-11e3-8f6c-abe0810450dc', 1, 'i', 'db:postgres', '2014-02-20 16:19:00.912');
INSERT INTO approle_appgroup (approle_code, appgroup_id, rowidentifier, rowversion, change_action, change_user, change_time) VALUES ('varyCaveat', 'super-group-id', 'be3d2cb2-99dd-11e3-b77f-1366b7b48653', 1, 'i', 'db:postgres', '2014-02-20 16:19:00.912');
INSERT INTO approle_appgroup (approle_code, appgroup_id, rowidentifier, rowversion, change_action, change_user, change_time) VALUES ('CompleteService', 'super-group-id', 'be3d53c2-99dd-11e3-ada1-effcd3498be7', 1, 'i', 'db:postgres', '2014-02-20 16:19:00.912');
INSERT INTO approle_appgroup (approle_code, appgroup_id, rowidentifier, rowversion, change_action, change_user, change_time) VALUES ('CancelService', 'super-group-id', 'be3d53c2-99dd-11e3-a168-3fa78ed19d05', 1, 'i', 'db:postgres', '2014-02-20 16:19:00.912');
INSERT INTO approle_appgroup (approle_code, appgroup_id, rowidentifier, rowversion, change_action, change_user, change_time) VALUES ('ApplnValidate', 'super-group-id', 'be3d7ad2-99dd-11e3-8338-2ff182201c03', 1, 'i', 'db:postgres', '2014-02-20 16:19:00.912');
INSERT INTO approle_appgroup (approle_code, appgroup_id, rowidentifier, rowversion, change_action, change_user, change_time) VALUES ('redefineCadastre', 'super-group-id', 'be3da1e2-99dd-11e3-9160-d786dc2dff87', 1, 'i', 'db:postgres', '2014-02-20 16:19:00.912');
INSERT INTO approle_appgroup (approle_code, appgroup_id, rowidentifier, rowversion, change_action, change_user, change_time) VALUES ('serviceEnquiry', 'super-group-id', 'be3dc8f2-99dd-11e3-8615-7f3225f9eb04', 1, 'i', 'db:postgres', '2014-02-20 16:19:00.912');
INSERT INTO approle_appgroup (approle_code, appgroup_id, rowidentifier, rowversion, change_action, change_user, change_time) VALUES ('RevertService', 'super-group-id', 'be3df002-99dd-11e3-86a8-230b6eaa7982', 1, 'i', 'db:postgres', '2014-02-20 16:19:00.912');
INSERT INTO approle_appgroup (approle_code, appgroup_id, rowidentifier, rowversion, change_action, change_user, change_time) VALUES ('NoPasswordExpiry', 'super-group-id', 'be3e1712-99dd-11e3-9b9a-cbc46ce463f0', 1, 'i', 'db:postgres', '2014-02-20 16:19:00.912');
INSERT INTO approle_appgroup (approle_code, appgroup_id, rowidentifier, rowversion, change_action, change_user, change_time) VALUES ('ApplnAssignOthers', 'super-group-id', 'be3e3e22-99dd-11e3-8989-b767ea63704b', 1, 'i', 'db:postgres', '2014-02-20 16:19:00.912');
INSERT INTO approle_appgroup (approle_code, appgroup_id, rowidentifier, rowversion, change_action, change_user, change_time) VALUES ('ApplnWithdraw', 'super-group-id', 'be3e6532-99dd-11e3-b643-c361a16efeb4', 1, 'i', 'db:postgres', '2014-02-20 16:19:00.912');
INSERT INTO approle_appgroup (approle_code, appgroup_id, rowidentifier, rowversion, change_action, change_user, change_time) VALUES ('titleSearch', 'super-group-id', 'be3e8c42-99dd-11e3-bba8-8f1f78a9e134', 1, 'i', 'db:postgres', '2014-02-20 16:19:00.912');
INSERT INTO approle_appgroup (approle_code, appgroup_id, rowidentifier, rowversion, change_action, change_user, change_time) VALUES ('ApplnReject', 'super-group-id', 'be3eb352-99dd-11e3-926a-6f8ea6c64eef', 1, 'i', 'db:postgres', '2014-02-20 16:19:00.912');
INSERT INTO approle_appgroup (approle_code, appgroup_id, rowidentifier, rowversion, change_action, change_user, change_time) VALUES ('DashbrdViewUnassign', 'super-group-id', 'be3eda6c-99dd-11e3-95ec-efecd21e6657', 1, 'i', 'db:postgres', '2014-02-20 16:19:00.912');
INSERT INTO approle_appgroup (approle_code, appgroup_id, rowidentifier, rowversion, change_action, change_user, change_time) VALUES ('PrintMap', 'super-group-id', 'be3f017c-99dd-11e3-97c5-2343e89a91c3', 1, 'i', 'db:postgres', '2014-02-20 16:19:00.912');
INSERT INTO approle_appgroup (approle_code, appgroup_id, rowidentifier, rowversion, change_action, change_user, change_time) VALUES ('BaunitCertificate', 'super-group-id', 'be3f017c-99dd-11e3-ae1e-6ff2de66ec9d', 1, 'i', 'db:postgres', '2014-02-20 16:19:00.912');
INSERT INTO approle_appgroup (approle_code, appgroup_id, rowidentifier, rowversion, change_action, change_user, change_time) VALUES ('ReportGenerate', 'super-group-id', 'be3f288c-99dd-11e3-afbf-bb2050e5ef22', 1, 'i', 'db:postgres', '2014-02-20 16:19:00.912');
INSERT INTO approle_appgroup (approle_code, appgroup_id, rowidentifier, rowversion, change_action, change_user, change_time) VALUES ('regnOnTitle', 'super-group-id', 'be3f4f9c-99dd-11e3-903d-0bc1819ef2ed', 1, 'i', 'db:postgres', '2014-02-20 16:19:00.912');
INSERT INTO approle_appgroup (approle_code, appgroup_id, rowidentifier, rowversion, change_action, change_user, change_time) VALUES ('varyRight', 'super-group-id', 'be3f76ac-99dd-11e3-96e1-9772426317d5', 1, 'i', 'db:postgres', '2014-02-20 16:19:00.912');
INSERT INTO approle_appgroup (approle_code, appgroup_id, rowidentifier, rowversion, change_action, change_user, change_time) VALUES ('cnclStandardDocument', 'super-group-id', 'be3f9dbc-99dd-11e3-89bc-bb43e7d2b169', 1, 'i', 'db:postgres', '2014-02-20 16:19:00.912');
INSERT INTO approle_appgroup (approle_code, appgroup_id, rowidentifier, rowversion, change_action, change_user, change_time) VALUES ('ManageSettings', 'super-group-id', 'be3fc4cc-99dd-11e3-86a1-27716dc68756', 1, 'i', 'db:postgres', '2014-02-20 16:19:00.912');
INSERT INTO approle_appgroup (approle_code, appgroup_id, rowidentifier, rowversion, change_action, change_user, change_time) VALUES ('ManageSecurity', 'super-group-id', 'be3febdc-99dd-11e3-8812-fb80415cc5a5', 1, 'i', 'db:postgres', '2014-02-20 16:19:00.912');
INSERT INTO approle_appgroup (approle_code, appgroup_id, rowidentifier, rowversion, change_action, change_user, change_time) VALUES ('ApplnAssignSelf', 'super-group-id', 'be4012ec-99dd-11e3-9f72-a32cce304e5b', 1, 'i', 'db:postgres', '2014-02-20 16:19:00.912');
INSERT INTO approle_appgroup (approle_code, appgroup_id, rowidentifier, rowversion, change_action, change_user, change_time) VALUES ('ApplnStatus', 'super-group-id', 'be4039fc-99dd-11e3-92ff-17ecc5e3855e', 1, 'i', 'db:postgres', '2014-02-20 16:19:00.912');
INSERT INTO approle_appgroup (approle_code, appgroup_id, rowidentifier, rowversion, change_action, change_user, change_time) VALUES ('ApplnRequisition', 'super-group-id', 'be40610c-99dd-11e3-8e4e-b3c0181d3a97', 1, 'i', 'db:postgres', '2014-02-20 16:19:00.912');
INSERT INTO approle_appgroup (approle_code, appgroup_id, rowidentifier, rowversion, change_action, change_user, change_time) VALUES ('BulkApplication', 'super-group-id', 'be40881c-99dd-11e3-a60a-7b88b2957043', 1, 'i', 'db:postgres', '2014-02-20 16:19:00.912');
INSERT INTO approle_appgroup (approle_code, appgroup_id, rowidentifier, rowversion, change_action, change_user, change_time) VALUES ('TransactionCommit', 'super-group-id', 'be40af2c-99dd-11e3-9f22-8b245d4b3256', 1, 'i', 'db:postgres', '2014-02-20 16:19:00.912');
INSERT INTO approle_appgroup (approle_code, appgroup_id, rowidentifier, rowversion, change_action, change_user, change_time) VALUES ('cnclPowerOfAttorney', 'super-group-id', 'be40af2c-99dd-11e3-8c37-4f56ce8d45a1', 1, 'i', 'db:postgres', '2014-02-20 16:19:00.912');
INSERT INTO approle_appgroup (approle_code, appgroup_id, rowidentifier, rowversion, change_action, change_user, change_time) VALUES ('cadastreChange', 'super-group-id', 'be40d63c-99dd-11e3-8e45-23e1aa859527', 1, 'i', 'db:postgres', '2014-02-20 16:19:00.912');
INSERT INTO approle_appgroup (approle_code, appgroup_id, rowidentifier, rowversion, change_action, change_user, change_time) VALUES ('newApartment', 'super-group-id', 'be40fd4c-99dd-11e3-ae3c-c3b670bfbb5a', 1, 'i', 'db:postgres', '2014-02-20 16:19:00.912');
INSERT INTO approle_appgroup (approle_code, appgroup_id, rowidentifier, rowversion, change_action, change_user, change_time) VALUES ('regnStandardDocument', 'super-group-id', 'be41245c-99dd-11e3-951c-b709155504de', 1, 'i', 'db:postgres', '2014-02-20 16:19:00.912');
INSERT INTO approle_appgroup (approle_code, appgroup_id, rowidentifier, rowversion, change_action, change_user, change_time) VALUES ('ApplnArchive', 'super-group-id', 'be414b6c-99dd-11e3-a7fb-c75a5ebcd52e', 1, 'i', 'db:postgres', '2014-02-20 16:19:00.912');
INSERT INTO approle_appgroup (approle_code, appgroup_id, rowidentifier, rowversion, change_action, change_user, change_time) VALUES ('removeRight', 'super-group-id', 'be41727c-99dd-11e3-9e32-7f2f12b3024f', 1, 'i', 'db:postgres', '2014-02-20 16:19:00.912');
INSERT INTO approle_appgroup (approle_code, appgroup_id, rowidentifier, rowversion, change_action, change_user, change_time) VALUES ('ChangePassword', 'super-group-id', 'be419996-99dd-11e3-8b35-77b8c207d13b', 1, 'i', 'db:postgres', '2014-02-20 16:19:00.912');
INSERT INTO approle_appgroup (approle_code, appgroup_id, rowidentifier, rowversion, change_action, change_user, change_time) VALUES ('ManageRefdata', 'super-group-id', 'be419996-99dd-11e3-8513-a728bd470770', 1, 'i', 'db:postgres', '2014-02-20 16:19:00.912');
INSERT INTO approle_appgroup (approle_code, appgroup_id, rowidentifier, rowversion, change_action, change_user, change_time) VALUES ('StartService', 'super-group-id', 'be41c0a6-99dd-11e3-91e8-8b58f4dc2c3b', 1, 'i', 'db:postgres', '2014-02-20 16:19:00.912');
INSERT INTO approle_appgroup (approle_code, appgroup_id, rowidentifier, rowversion, change_action, change_user, change_time) VALUES ('mapExistingParcel', 'super-group-id', 'be41e7b6-99dd-11e3-9434-17054171bef3', 1, 'i', 'db:postgres', '2014-02-20 16:19:00.912');
INSERT INTO approle_appgroup (approle_code, appgroup_id, rowidentifier, rowversion, change_action, change_user, change_time) VALUES ('DashbrdViewAssign', 'super-group-id', 'be420ec6-99dd-11e3-b09c-5fdcbfb92dfd', 1, 'i', 'db:postgres', '2014-02-20 16:19:00.912');
INSERT INTO approle_appgroup (approle_code, appgroup_id, rowidentifier, rowversion, change_action, change_user, change_time) VALUES ('cancelProperty', 'super-group-id', 'be4235d6-99dd-11e3-ae6d-6f328598a436', 1, 'i', 'db:postgres', '2014-02-20 16:19:00.912');
INSERT INTO approle_appgroup (approle_code, appgroup_id, rowidentifier, rowversion, change_action, change_user, change_time) VALUES ('buildingRestriction', 'super-group-id', 'be425ce6-99dd-11e3-b3af-bf0ad2e1eafe', 1, 'i', 'db:postgres', '2014-02-20 16:19:00.912');
INSERT INTO approle_appgroup (approle_code, appgroup_id, rowidentifier, rowversion, change_action, change_user, change_time) VALUES ('limtedRoadAccess', 'super-group-id', 'be4283f6-99dd-11e3-9a44-931a6bb6ee32', 1, 'i', 'db:postgres', '2014-02-20 16:19:00.912');
INSERT INTO approle_appgroup (approle_code, appgroup_id, rowidentifier, rowversion, change_action, change_user, change_time) VALUES ('regnPowerOfAttorney', 'super-group-id', 'be42ab06-99dd-11e3-b30b-1f8b47e0d5ff', 1, 'i', 'db:postgres', '2014-02-20 16:19:00.912');
INSERT INTO approle_appgroup (approle_code, appgroup_id, rowidentifier, rowversion, change_action, change_user, change_time) VALUES ('ApplnApprove', 'super-group-id', 'be42d216-99dd-11e3-919f-57cc413df0e7', 1, 'i', 'db:postgres', '2014-02-20 16:19:00.912');
INSERT INTO approle_appgroup (approle_code, appgroup_id, rowidentifier, rowversion, change_action, change_user, change_time) VALUES ('consolidationExt', 'super-group-id', 'be42f926-99dd-11e3-9c66-1bba97c850af', 1, 'i', 'db:postgres', '2014-02-20 16:19:00.912');
INSERT INTO approle_appgroup (approle_code, appgroup_id, rowidentifier, rowversion, change_action, change_user, change_time) VALUES ('consolidationCons', 'super-group-id', 'be432036-99dd-11e3-a806-e3af0fb1848a', 1, 'i', 'db:postgres', '2014-02-20 16:19:00.912');
INSERT INTO approle_appgroup (approle_code, appgroup_id, rowidentifier, rowversion, change_action, change_user, change_time) VALUES ('ApplnTransfer', 'super-group-id', '3b198aa0-418b-11e4-b58e-d3d7bce06a55', 1, 'i', 'db:postgres', '2014-09-21 14:31:37.565');
INSERT INTO approle_appgroup (approle_code, appgroup_id, rowidentifier, rowversion, change_action, change_user, change_time) VALUES ('recordRelationship', 'super-group-id', 'dae15ccc-bc18-11e4-b6c9-c3288b8e6f5f', 1, 'i', 'db:postgres', '2015-02-24 12:32:46.539');
INSERT INTO approle_appgroup (approle_code, appgroup_id, rowidentifier, rowversion, change_action, change_user, change_time) VALUES ('cancelRelationship', 'super-group-id', 'cc47f572-bc18-11e4-840d-6705f37b1056', 1, 'i', 'db:postgres', '2015-02-24 12:32:22.045');
INSERT INTO approle_appgroup (approle_code, appgroup_id, rowidentifier, rowversion, change_action, change_user, change_time) VALUES ('ChangeSecClass', 'super-group-id', 'c1421db4-be21-11e4-a9d3-1f0c398dde0f', 1, 'i', 'db:postgres', '2015-02-27 14:41:31.339');
INSERT INTO approle_appgroup (approle_code, appgroup_id, rowidentifier, rowversion, change_action, change_user, change_time) VALUES ('01SEC_Unrestricted', 'super-group-id', 'c14970d2-be21-11e4-ac7a-abbb20e52dce', 1, 'i', 'db:postgres', '2015-02-27 14:41:31.339');
INSERT INTO approle_appgroup (approle_code, appgroup_id, rowidentifier, rowversion, change_action, change_user, change_time) VALUES ('02SEC_Restricted', 'super-group-id', 'c14997e2-be21-11e4-9603-6f1b52b1eff8', 1, 'i', 'db:postgres', '2015-02-27 14:41:31.339');
INSERT INTO approle_appgroup (approle_code, appgroup_id, rowidentifier, rowversion, change_action, change_user, change_time) VALUES ('03SEC_Confidential', 'super-group-id', 'c149bef2-be21-11e4-8aef-7b03b0b3eec4', 1, 'i', 'db:postgres', '2015-02-27 14:41:31.339');
INSERT INTO approle_appgroup (approle_code, appgroup_id, rowidentifier, rowversion, change_action, change_user, change_time) VALUES ('04SEC_Secret', 'super-group-id', 'c149e602-be21-11e4-b8f0-b7c5ea351184', 1, 'i', 'db:postgres', '2015-02-27 14:41:31.339');
INSERT INTO approle_appgroup (approle_code, appgroup_id, rowidentifier, rowversion, change_action, change_user, change_time) VALUES ('05SEC_TopSecret', 'super-group-id', 'c149e602-be21-11e4-a2df-ab6b1ddc6997', 1, 'i', 'db:postgres', '2015-02-27 14:41:31.339');
INSERT INTO approle_appgroup (approle_code, appgroup_id, rowidentifier, rowversion, change_action, change_user, change_time) VALUES ('10SEC_SuppressOrd', 'super-group-id', 'c14a0d12-be21-11e4-9235-d751064ef956', 1, 'i', 'db:postgres', '2015-02-27 14:41:31.339');
INSERT INTO approle_appgroup (approle_code, appgroup_id, rowidentifier, rowversion, change_action, change_user, change_time) VALUES ('ManageBR', 'ff94bfad-7079-41ea-bf4b-6962e36cad1f', '0b45ca3b-6ede-453d-bc68-f204d0755e98', 1, 'i', 'test', '2015-02-27 15:31:06.736');
INSERT INTO approle_appgroup (approle_code, appgroup_id, rowidentifier, rowversion, change_action, change_user, change_time) VALUES ('ChangePassword', 'ff94bfad-7079-41ea-bf4b-6962e36cad1f', '94575082-ec4d-4d5f-8472-8bfc3d424d41', 1, 'i', 'test', '2015-02-27 15:31:06.736');
INSERT INTO approle_appgroup (approle_code, appgroup_id, rowidentifier, rowversion, change_action, change_user, change_time) VALUES ('consolidationCons', 'ff94bfad-7079-41ea-bf4b-6962e36cad1f', 'f60743b0-1344-4f64-a45b-6f34ba378896', 1, 'i', 'test', '2015-02-27 15:31:06.736');
INSERT INTO approle_appgroup (approle_code, appgroup_id, rowidentifier, rowversion, change_action, change_user, change_time) VALUES ('consolidationExt', 'ff94bfad-7079-41ea-bf4b-6962e36cad1f', 'c87114a8-5ac5-4531-b1cf-49f9e97331ef', 1, 'i', 'test', '2015-02-27 15:31:06.736');
INSERT INTO approle_appgroup (approle_code, appgroup_id, rowidentifier, rowversion, change_action, change_user, change_time) VALUES ('NoPasswordExpiry', 'ff94bfad-7079-41ea-bf4b-6962e36cad1f', '4ea6376a-6607-4646-8a1a-ad8dbe231cdc', 1, 'i', 'test', '2015-02-27 15:31:06.736');
INSERT INTO approle_appgroup (approle_code, appgroup_id, rowidentifier, rowversion, change_action, change_user, change_time) VALUES ('ManageRefdata', 'ff94bfad-7079-41ea-bf4b-6962e36cad1f', '07e9f98a-8354-4fd5-ac67-f74908852e2d', 1, 'i', 'test', '2015-02-27 15:31:06.736');
INSERT INTO approle_appgroup (approle_code, appgroup_id, rowidentifier, rowversion, change_action, change_user, change_time) VALUES ('ManageSettings', 'ff94bfad-7079-41ea-bf4b-6962e36cad1f', '8250f0be-5b53-415c-a99d-396c41956e59', 1, 'i', 'test', '2015-02-27 15:31:06.736');
INSERT INTO approle_appgroup (approle_code, appgroup_id, rowidentifier, rowversion, change_action, change_user, change_time) VALUES ('ManageSecurity', 'ff94bfad-7079-41ea-bf4b-6962e36cad1f', '3eb8dd0d-a751-4054-9a63-f3e48cf2a29d', 1, 'i', 'test', '2015-02-27 15:31:06.736');
INSERT INTO approle_appgroup (approle_code, appgroup_id, rowidentifier, rowversion, change_action, change_user, change_time) VALUES ('ApplnAssignOthers', 'ff94bfad-7079-41ea-bf4b-6962e36cad1f', 'e537761a-01d6-46b2-9600-33ea223ee8dc', 1, 'i', 'test', '2015-02-27 15:31:06.736');
INSERT INTO approle_appgroup (approle_code, appgroup_id, rowidentifier, rowversion, change_action, change_user, change_time) VALUES ('ApplnAssignSelf', 'ff94bfad-7079-41ea-bf4b-6962e36cad1f', '51dcf696-3bd3-4480-8541-b7d50daca29d', 1, 'i', 'test', '2015-02-27 15:31:06.736');
INSERT INTO approle_appgroup (approle_code, appgroup_id, rowidentifier, rowversion, change_action, change_user, change_time) VALUES ('ApplnEdit', 'ff94bfad-7079-41ea-bf4b-6962e36cad1f', 'b90adee6-d7d0-42fa-8078-fee29fa8df5f', 1, 'i', 'test', '2015-02-27 15:31:06.736');
INSERT INTO approle_appgroup (approle_code, appgroup_id, rowidentifier, rowversion, change_action, change_user, change_time) VALUES ('ApplnCreate', 'ff94bfad-7079-41ea-bf4b-6962e36cad1f', '484e7e1f-760b-4eb4-942e-29f62ef5189d', 1, 'i', 'test', '2015-02-27 15:31:06.736');
INSERT INTO approle_appgroup (approle_code, appgroup_id, rowidentifier, rowversion, change_action, change_user, change_time) VALUES ('ApplnView', 'ff94bfad-7079-41ea-bf4b-6962e36cad1f', '8deac1c1-5bbe-40cc-950c-ec0f3f981bfe', 1, 'i', 'test', '2015-02-27 15:31:06.736');
INSERT INTO approle_appgroup (approle_code, appgroup_id, rowidentifier, rowversion, change_action, change_user, change_time) VALUES ('ApplnStatus', 'ff94bfad-7079-41ea-bf4b-6962e36cad1f', 'd938b45f-e4a3-449c-8063-b229f79bd7bf', 1, 'i', 'test', '2015-02-27 15:31:06.736');
INSERT INTO approle_appgroup (approle_code, appgroup_id, rowidentifier, rowversion, change_action, change_user, change_time) VALUES ('ApplnUnassignOthers', 'ff94bfad-7079-41ea-bf4b-6962e36cad1f', '782b877c-5aaf-4f3d-ba1b-b77e29d74a00', 1, 'i', 'test', '2015-02-27 15:31:06.736');
INSERT INTO approle_appgroup (approle_code, appgroup_id, rowidentifier, rowversion, change_action, change_user, change_time) VALUES ('ApplnUnassignSelf', 'ff94bfad-7079-41ea-bf4b-6962e36cad1f', '37986250-ecc2-4192-9cac-d382d9ab485d', 1, 'i', 'test', '2015-02-27 15:31:06.736');
INSERT INTO approle_appgroup (approle_code, appgroup_id, rowidentifier, rowversion, change_action, change_user, change_time) VALUES ('ApplnApprove', 'ff94bfad-7079-41ea-bf4b-6962e36cad1f', '45db98a4-86b1-4eed-a5f1-6e742d51c17c', 1, 'i', 'test', '2015-02-27 15:31:06.736');
INSERT INTO approle_appgroup (approle_code, appgroup_id, rowidentifier, rowversion, change_action, change_user, change_time) VALUES ('ApplnArchive', 'ff94bfad-7079-41ea-bf4b-6962e36cad1f', '9b3d3a84-6496-4ff9-a37f-90087b8bd9ce', 1, 'i', 'test', '2015-02-27 15:31:06.736');
INSERT INTO approle_appgroup (approle_code, appgroup_id, rowidentifier, rowversion, change_action, change_user, change_time) VALUES ('ApplnReject', 'ff94bfad-7079-41ea-bf4b-6962e36cad1f', '7fe710ce-8b95-4284-adc2-2e590a184131', 1, 'i', 'test', '2015-02-27 15:31:06.736');
INSERT INTO approle_appgroup (approle_code, appgroup_id, rowidentifier, rowversion, change_action, change_user, change_time) VALUES ('ApplnDispatch', 'ff94bfad-7079-41ea-bf4b-6962e36cad1f', '7cf94996-dd30-4cfd-817b-f9e76ae0421a', 1, 'i', 'test', '2015-02-27 15:31:06.736');
INSERT INTO approle_appgroup (approle_code, appgroup_id, rowidentifier, rowversion, change_action, change_user, change_time) VALUES ('ApplnRequisition', 'ff94bfad-7079-41ea-bf4b-6962e36cad1f', 'c633e458-5f04-4af2-8f85-180514e68078', 1, 'i', 'test', '2015-02-27 15:31:06.736');
INSERT INTO approle_appgroup (approle_code, appgroup_id, rowidentifier, rowversion, change_action, change_user, change_time) VALUES ('ApplnResubmit', 'ff94bfad-7079-41ea-bf4b-6962e36cad1f', 'ee21c071-648b-4da6-b0c8-d43d0ad8b921', 1, 'i', 'test', '2015-02-27 15:31:06.736');
INSERT INTO approle_appgroup (approle_code, appgroup_id, rowidentifier, rowversion, change_action, change_user, change_time) VALUES ('ApplnTransfer', 'ff94bfad-7079-41ea-bf4b-6962e36cad1f', 'c2fb20b2-7e1b-46ab-96a3-21fe19135926', 1, 'i', 'test', '2015-02-27 15:31:06.736');
INSERT INTO approle_appgroup (approle_code, appgroup_id, rowidentifier, rowversion, change_action, change_user, change_time) VALUES ('ApplnValidate', 'ff94bfad-7079-41ea-bf4b-6962e36cad1f', 'b0c5a1f6-8b39-4f5e-872e-612f802c7cac', 1, 'i', 'test', '2015-02-27 15:31:06.736');
INSERT INTO approle_appgroup (approle_code, appgroup_id, rowidentifier, rowversion, change_action, change_user, change_time) VALUES ('ApplnWithdraw', 'ff94bfad-7079-41ea-bf4b-6962e36cad1f', '42867079-3c43-4356-b92a-c2889e91b98b', 1, 'i', 'test', '2015-02-27 15:31:06.736');
INSERT INTO approle_appgroup (approle_code, appgroup_id, rowidentifier, rowversion, change_action, change_user, change_time) VALUES ('BulkApplication', 'ff94bfad-7079-41ea-bf4b-6962e36cad1f', '07e941a3-6fda-484d-bc97-af21f37af18b', 1, 'i', 'test', '2015-02-27 15:31:06.736');
INSERT INTO approle_appgroup (approle_code, appgroup_id, rowidentifier, rowversion, change_action, change_user, change_time) VALUES ('DashbrdViewAssign', 'ff94bfad-7079-41ea-bf4b-6962e36cad1f', 'a51e51f7-c4bf-48b6-b93f-029ceca095cb', 1, 'i', 'test', '2015-02-27 15:31:06.736');
INSERT INTO approle_appgroup (approle_code, appgroup_id, rowidentifier, rowversion, change_action, change_user, change_time) VALUES ('DashbrdViewUnassign', 'ff94bfad-7079-41ea-bf4b-6962e36cad1f', '35a7ef48-900a-4179-9c89-66fe13ff7468', 1, 'i', 'test', '2015-02-27 15:31:06.736');
INSERT INTO approle_appgroup (approle_code, appgroup_id, rowidentifier, rowversion, change_action, change_user, change_time) VALUES ('TransactionCommit', 'ff94bfad-7079-41ea-bf4b-6962e36cad1f', '6220279f-423e-4651-8a8f-e9609e8a28be', 1, 'i', 'test', '2015-02-27 15:31:06.736');
INSERT INTO approle_appgroup (approle_code, appgroup_id, rowidentifier, rowversion, change_action, change_user, change_time) VALUES ('SourcePrint', 'ff94bfad-7079-41ea-bf4b-6962e36cad1f', 'fbbacd67-867d-4e58-83c4-911d9e7e37ee', 1, 'i', 'test', '2015-02-27 15:31:06.736');
INSERT INTO approle_appgroup (approle_code, appgroup_id, rowidentifier, rowversion, change_action, change_user, change_time) VALUES ('SourceSave', 'ff94bfad-7079-41ea-bf4b-6962e36cad1f', '476b3622-ccaf-4e49-af07-05f7bffac5a6', 1, 'i', 'test', '2015-02-27 15:31:06.736');
INSERT INTO approle_appgroup (approle_code, appgroup_id, rowidentifier, rowversion, change_action, change_user, change_time) VALUES ('SourceSearch', 'ff94bfad-7079-41ea-bf4b-6962e36cad1f', 'd4ec6324-6cc3-4f91-bfce-2fac44ef4439', 1, 'i', 'test', '2015-02-27 15:31:06.736');
INSERT INTO approle_appgroup (approle_code, appgroup_id, rowidentifier, rowversion, change_action, change_user, change_time) VALUES ('ExportMap', 'ff94bfad-7079-41ea-bf4b-6962e36cad1f', '045c0db4-e908-48a6-bf58-92bca3d97544', 1, 'i', 'test', '2015-02-27 15:31:06.736');
INSERT INTO approle_appgroup (approle_code, appgroup_id, rowidentifier, rowversion, change_action, change_user, change_time) VALUES ('PrintMap', 'ff94bfad-7079-41ea-bf4b-6962e36cad1f', '4cac4d49-8e33-4363-b77b-a65ffc0bc79c', 1, 'i', 'test', '2015-02-27 15:31:06.736');
INSERT INTO approle_appgroup (approle_code, appgroup_id, rowidentifier, rowversion, change_action, change_user, change_time) VALUES ('ViewMap', 'ff94bfad-7079-41ea-bf4b-6962e36cad1f', 'e9ec7efd-69a6-4f04-aa06-400b82af69b7', 1, 'i', 'test', '2015-02-27 15:31:06.736');
INSERT INTO approle_appgroup (approle_code, appgroup_id, rowidentifier, rowversion, change_action, change_user, change_time) VALUES ('mapExistingParcel', 'ff94bfad-7079-41ea-bf4b-6962e36cad1f', '9a38c162-fade-4c33-a2f2-03d4d26a1443', 1, 'i', 'test', '2015-02-27 15:31:06.736');
INSERT INTO approle_appgroup (approle_code, appgroup_id, rowidentifier, rowversion, change_action, change_user, change_time) VALUES ('ParcelSave', 'ff94bfad-7079-41ea-bf4b-6962e36cad1f', 'e1b52d8e-7400-4b16-bc23-7842bf0153b9', 1, 'i', 'test', '2015-02-27 15:31:06.736');
INSERT INTO approle_appgroup (approle_code, appgroup_id, rowidentifier, rowversion, change_action, change_user, change_time) VALUES ('PartySave', 'ff94bfad-7079-41ea-bf4b-6962e36cad1f', '4596f049-1b71-4dc6-80df-ac4f6fc3e760', 1, 'i', 'test', '2015-02-27 15:31:06.736');
INSERT INTO approle_appgroup (approle_code, appgroup_id, rowidentifier, rowversion, change_action, change_user, change_time) VALUES ('RHSave', 'ff94bfad-7079-41ea-bf4b-6962e36cad1f', '5811651a-1324-4fb9-9c81-380b0fef1066', 1, 'i', 'test', '2015-02-27 15:31:06.736');
INSERT INTO approle_appgroup (approle_code, appgroup_id, rowidentifier, rowversion, change_action, change_user, change_time) VALUES ('PartySearch', 'ff94bfad-7079-41ea-bf4b-6962e36cad1f', 'a3aa35df-70ee-4d6f-97f5-676916617cd0', 1, 'i', 'test', '2015-02-27 15:31:06.736');
INSERT INTO approle_appgroup (approle_code, appgroup_id, rowidentifier, rowversion, change_action, change_user, change_time) VALUES ('BaunitSave', 'ff94bfad-7079-41ea-bf4b-6962e36cad1f', 'df68dea1-a2bf-46c8-9b72-7a24f52c57a0', 1, 'i', 'test', '2015-02-27 15:31:06.736');
INSERT INTO approle_appgroup (approle_code, appgroup_id, rowidentifier, rowversion, change_action, change_user, change_time) VALUES ('BaunitCertificate', 'ff94bfad-7079-41ea-bf4b-6962e36cad1f', '2c090d0b-3201-46c3-af9b-46b84091e535', 1, 'i', 'test', '2015-02-27 15:31:06.736');
INSERT INTO approle_appgroup (approle_code, appgroup_id, rowidentifier, rowversion, change_action, change_user, change_time) VALUES ('BaunitSearch', 'ff94bfad-7079-41ea-bf4b-6962e36cad1f', '11890d3c-a73f-4aac-9cd4-fe66af74306e', 1, 'i', 'test', '2015-02-27 15:31:06.736');
INSERT INTO approle_appgroup (approle_code, appgroup_id, rowidentifier, rowversion, change_action, change_user, change_time) VALUES ('ReportGenerate', 'ff94bfad-7079-41ea-bf4b-6962e36cad1f', 'bd93ee45-631a-4684-a22d-f7298027331d', 1, 'i', 'test', '2015-02-27 15:31:06.736');
INSERT INTO approle_appgroup (approle_code, appgroup_id, rowidentifier, rowversion, change_action, change_user, change_time) VALUES ('RightsExport', 'ff94bfad-7079-41ea-bf4b-6962e36cad1f', '7bc25a5c-5069-47cf-ae0a-188e6ff05d19', 1, 'i', 'test', '2015-02-27 15:31:06.736');
INSERT INTO approle_appgroup (approle_code, appgroup_id, rowidentifier, rowversion, change_action, change_user, change_time) VALUES ('ChangeSecClass', 'ff94bfad-7079-41ea-bf4b-6962e36cad1f', '387c38eb-7ff7-49f6-98f7-126b3b0d32ee', 1, 'i', 'test', '2015-02-27 15:31:06.736');
INSERT INTO approle_appgroup (approle_code, appgroup_id, rowidentifier, rowversion, change_action, change_user, change_time) VALUES ('01SEC_Unrestricted', 'ff94bfad-7079-41ea-bf4b-6962e36cad1f', 'a91afd78-3921-4993-a256-f7b2482c081b', 1, 'i', 'test', '2015-02-27 15:31:06.736');
INSERT INTO approle_appgroup (approle_code, appgroup_id, rowidentifier, rowversion, change_action, change_user, change_time) VALUES ('02SEC_Restricted', 'ff94bfad-7079-41ea-bf4b-6962e36cad1f', '1bfe00f6-6b0e-42d2-9c12-a779593a8f24', 1, 'i', 'test', '2015-02-27 15:31:06.736');
INSERT INTO approle_appgroup (approle_code, appgroup_id, rowidentifier, rowversion, change_action, change_user, change_time) VALUES ('cadastrePrint', 'ff94bfad-7079-41ea-bf4b-6962e36cad1f', '248c2be8-9e62-412e-a65f-614ef4721b36', 1, 'i', 'test', '2015-02-27 15:31:06.736');
INSERT INTO approle_appgroup (approle_code, appgroup_id, rowidentifier, rowversion, change_action, change_user, change_time) VALUES ('cancelRelationship', 'ff94bfad-7079-41ea-bf4b-6962e36cad1f', 'a2b96d48-8b4c-4e3a-a044-93c8481d50dd', 1, 'i', 'test', '2015-02-27 15:31:06.736');
INSERT INTO approle_appgroup (approle_code, appgroup_id, rowidentifier, rowversion, change_action, change_user, change_time) VALUES ('cnclPowerOfAttorney', 'ff94bfad-7079-41ea-bf4b-6962e36cad1f', 'f39abe0b-7c47-4220-8348-ccd1d9d755e9', 1, 'i', 'test', '2015-02-27 15:31:06.736');
INSERT INTO approle_appgroup (approle_code, appgroup_id, rowidentifier, rowversion, change_action, change_user, change_time) VALUES ('cancelProperty', 'ff94bfad-7079-41ea-bf4b-6962e36cad1f', '0599f200-ff01-4786-8d96-8eee99abfe3f', 1, 'i', 'test', '2015-02-27 15:31:06.736');
INSERT INTO approle_appgroup (approle_code, appgroup_id, rowidentifier, rowversion, change_action, change_user, change_time) VALUES ('newOwnership', 'ff94bfad-7079-41ea-bf4b-6962e36cad1f', 'b60ba79d-956e-447f-99a9-b2082c88d420', 1, 'i', 'test', '2015-02-27 15:31:06.736');
INSERT INTO approle_appgroup (approle_code, appgroup_id, rowidentifier, rowversion, change_action, change_user, change_time) VALUES ('cadastreChange', 'ff94bfad-7079-41ea-bf4b-6962e36cad1f', '2b727f7c-b035-4d9c-8248-1485af2b73ad', 1, 'i', 'test', '2015-02-27 15:31:06.736');
INSERT INTO approle_appgroup (approle_code, appgroup_id, rowidentifier, rowversion, change_action, change_user, change_time) VALUES ('newDigitalTitle', 'ff94bfad-7079-41ea-bf4b-6962e36cad1f', '555ee3cd-2929-45d1-a37a-0daeed9c96f5', 1, 'i', 'test', '2015-02-27 15:31:06.736');
INSERT INTO approle_appgroup (approle_code, appgroup_id, rowidentifier, rowversion, change_action, change_user, change_time) VALUES ('documentCopy', 'ff94bfad-7079-41ea-bf4b-6962e36cad1f', '6195af01-8b22-4608-98e4-aee12bd83b50', 1, 'i', 'test', '2015-02-27 15:31:06.736');
INSERT INTO approle_appgroup (approle_code, appgroup_id, rowidentifier, rowversion, change_action, change_user, change_time) VALUES ('lodgeObjection', 'ff94bfad-7079-41ea-bf4b-6962e36cad1f', 'b4d00861-3ddf-4f83-a847-1f7576639b0c', 1, 'i', 'test', '2015-02-27 15:32:02.662');
INSERT INTO approle_appgroup (approle_code, appgroup_id, rowidentifier, rowversion, change_action, change_user, change_time) VALUES ('newFreehold', 'ff94bfad-7079-41ea-bf4b-6962e36cad1f', '985bf807-350d-4d36-9f35-e8e7eae37337', 1, 'i', 'test', '2015-02-27 15:32:02.662');
INSERT INTO approle_appgroup (approle_code, appgroup_id, rowidentifier, rowversion, change_action, change_user, change_time) VALUES ('newApartment', 'ff94bfad-7079-41ea-bf4b-6962e36cad1f', '785ebfa9-49c4-4c71-bbaf-0b67e20d9646', 1, 'i', 'test', '2015-02-27 15:32:02.662');
INSERT INTO approle_appgroup (approle_code, appgroup_id, rowidentifier, rowversion, change_action, change_user, change_time) VALUES ('recordRelationship', 'ff94bfad-7079-41ea-bf4b-6962e36cad1f', 'ca15226e-810a-436d-b0e0-5f1f03cf0f0c', 1, 'i', 'test', '2015-02-27 15:32:02.662');
INSERT INTO approle_appgroup (approle_code, appgroup_id, rowidentifier, rowversion, change_action, change_user, change_time) VALUES ('redefineCadastre', 'ff94bfad-7079-41ea-bf4b-6962e36cad1f', '37576c64-d501-4204-b591-bb72bb1aa941', 1, 'i', 'test', '2015-02-27 15:32:02.662');
INSERT INTO approle_appgroup (approle_code, appgroup_id, rowidentifier, rowversion, change_action, change_user, change_time) VALUES ('buildingRestriction', 'ff94bfad-7079-41ea-bf4b-6962e36cad1f', '6c0beb87-f92a-4307-93e4-b9be08f3da74', 1, 'i', 'test', '2015-02-27 15:32:02.662');
INSERT INTO approle_appgroup (approle_code, appgroup_id, rowidentifier, rowversion, change_action, change_user, change_time) VALUES ('caveat', 'ff94bfad-7079-41ea-bf4b-6962e36cad1f', 'd22d4de6-6252-41ba-a113-bca9cdadbccd', 1, 'i', 'test', '2015-02-27 15:32:02.662');
INSERT INTO approle_appgroup (approle_code, appgroup_id, rowidentifier, rowversion, change_action, change_user, change_time) VALUES ('historicOrder', 'ff94bfad-7079-41ea-bf4b-6962e36cad1f', '9edb132c-bd06-4031-ac03-6f6d9f80c6af', 1, 'i', 'test', '2015-02-27 15:32:02.662');
INSERT INTO approle_appgroup (approle_code, appgroup_id, rowidentifier, rowversion, change_action, change_user, change_time) VALUES ('registerLease', 'ff94bfad-7079-41ea-bf4b-6962e36cad1f', '61be6b0a-7636-4b9c-b75e-3378829195ed', 1, 'i', 'test', '2015-02-27 15:32:02.662');
INSERT INTO approle_appgroup (approle_code, appgroup_id, rowidentifier, rowversion, change_action, change_user, change_time) VALUES ('limtedRoadAccess', 'ff94bfad-7079-41ea-bf4b-6962e36cad1f', 'dfe3b936-ee03-473a-b79d-8989d01ee4c9', 1, 'i', 'test', '2015-02-27 15:32:02.662');
INSERT INTO approle_appgroup (approle_code, appgroup_id, rowidentifier, rowversion, change_action, change_user, change_time) VALUES ('mortgage', 'ff94bfad-7079-41ea-bf4b-6962e36cad1f', '6b31e29b-1ea6-42b2-a4c4-b5e42fb2139a', 1, 'i', 'test', '2015-02-27 15:32:02.662');
INSERT INTO approle_appgroup (approle_code, appgroup_id, rowidentifier, rowversion, change_action, change_user, change_time) VALUES ('servitude', 'ff94bfad-7079-41ea-bf4b-6962e36cad1f', '7db336f3-9251-4e6c-b2e2-a28c82a4c9d4', 1, 'i', 'test', '2015-02-27 15:32:02.662');
INSERT INTO approle_appgroup (approle_code, appgroup_id, rowidentifier, rowversion, change_action, change_user, change_time) VALUES ('regnPowerOfAttorney', 'ff94bfad-7079-41ea-bf4b-6962e36cad1f', 'f57d7d64-5d51-4fe0-8294-58e74a4ff451', 1, 'i', 'test', '2015-02-27 15:32:02.662');
INSERT INTO approle_appgroup (approle_code, appgroup_id, rowidentifier, rowversion, change_action, change_user, change_time) VALUES ('regnStandardDocument', 'ff94bfad-7079-41ea-bf4b-6962e36cad1f', '1adb8620-c094-419d-aafc-36bc8454526f', 1, 'i', 'test', '2015-02-27 15:32:02.662');
INSERT INTO approle_appgroup (approle_code, appgroup_id, rowidentifier, rowversion, change_action, change_user, change_time) VALUES ('regnOnTitle', 'ff94bfad-7079-41ea-bf4b-6962e36cad1f', 'e20b5b91-d226-4bc5-aff4-404bde2f1c09', 1, 'i', 'test', '2015-02-27 15:32:02.662');
INSERT INTO approle_appgroup (approle_code, appgroup_id, rowidentifier, rowversion, change_action, change_user, change_time) VALUES ('removeCaveat', 'ff94bfad-7079-41ea-bf4b-6962e36cad1f', 'd09c4fd0-a9bd-47af-9d77-9707dececee7', 1, 'i', 'test', '2015-02-27 15:32:02.662');
INSERT INTO approle_appgroup (approle_code, appgroup_id, rowidentifier, rowversion, change_action, change_user, change_time) VALUES ('removeRestriction', 'ff94bfad-7079-41ea-bf4b-6962e36cad1f', '6074b57f-a4ed-41d9-973f-4c88d8cb1505', 1, 'i', 'test', '2015-02-27 15:32:02.662');
INSERT INTO approle_appgroup (approle_code, appgroup_id, rowidentifier, rowversion, change_action, change_user, change_time) VALUES ('removeRight', 'ff94bfad-7079-41ea-bf4b-6962e36cad1f', 'd0c6f2f7-39a2-4eff-a0a3-9732158228b6', 1, 'i', 'test', '2015-02-27 15:32:02.662');
INSERT INTO approle_appgroup (approle_code, appgroup_id, rowidentifier, rowversion, change_action, change_user, change_time) VALUES ('serviceEnquiry', 'ff94bfad-7079-41ea-bf4b-6962e36cad1f', '049ac8d9-0362-4d1d-830b-35c510955277', 1, 'i', 'test', '2015-02-27 15:32:02.662');
INSERT INTO approle_appgroup (approle_code, appgroup_id, rowidentifier, rowversion, change_action, change_user, change_time) VALUES ('surveyPlanCopy', 'ff94bfad-7079-41ea-bf4b-6962e36cad1f', '26b1c84a-7284-4c30-9e68-5585457c21dd', 1, 'i', 'test', '2015-02-27 15:32:02.662');
INSERT INTO approle_appgroup (approle_code, appgroup_id, rowidentifier, rowversion, change_action, change_user, change_time) VALUES ('systematicRegn', 'ff94bfad-7079-41ea-bf4b-6962e36cad1f', '11eafd5e-342e-44bd-a471-93c4de0528cd', 1, 'i', 'test', '2015-02-27 15:32:02.662');
INSERT INTO approle_appgroup (approle_code, appgroup_id, rowidentifier, rowversion, change_action, change_user, change_time) VALUES ('titleSearch', 'ff94bfad-7079-41ea-bf4b-6962e36cad1f', '162b3bb3-7827-4475-8302-e179e288b80d', 1, 'i', 'test', '2015-02-27 15:32:02.662');
INSERT INTO approle_appgroup (approle_code, appgroup_id, rowidentifier, rowversion, change_action, change_user, change_time) VALUES ('varyLease', 'ff94bfad-7079-41ea-bf4b-6962e36cad1f', 'c884568d-2231-476e-bd3b-82f2046e306b', 1, 'i', 'test', '2015-02-27 15:32:02.662');
INSERT INTO approle_appgroup (approle_code, appgroup_id, rowidentifier, rowversion, change_action, change_user, change_time) VALUES ('varyCaveat', 'ff94bfad-7079-41ea-bf4b-6962e36cad1f', 'c2d4bf86-7468-4dba-b50f-cf277e3b67ad', 1, 'i', 'test', '2015-02-27 15:32:02.662');
INSERT INTO approle_appgroup (approle_code, appgroup_id, rowidentifier, rowversion, change_action, change_user, change_time) VALUES ('varyMortgage', 'ff94bfad-7079-41ea-bf4b-6962e36cad1f', '8bf9b0ac-bfc8-47d2-834f-cd1721a186c8', 1, 'i', 'test', '2015-02-27 15:32:02.662');
INSERT INTO approle_appgroup (approle_code, appgroup_id, rowidentifier, rowversion, change_action, change_user, change_time) VALUES ('varyRight', 'ff94bfad-7079-41ea-bf4b-6962e36cad1f', '51ecc917-29c3-4ac9-a996-e043cf4bbef5', 1, 'i', 'test', '2015-02-27 15:32:02.662');
INSERT INTO approle_appgroup (approle_code, appgroup_id, rowidentifier, rowversion, change_action, change_user, change_time) VALUES ('cnclStandardDocument', 'ff94bfad-7079-41ea-bf4b-6962e36cad1f', 'b579eb92-f9ec-447b-8d77-cf7f218d0e84', 1, 'i', 'test', '2015-02-27 15:32:02.662');
INSERT INTO approle_appgroup (approle_code, appgroup_id, rowidentifier, rowversion, change_action, change_user, change_time) VALUES ('CancelService', 'ff94bfad-7079-41ea-bf4b-6962e36cad1f', 'bc977367-31b1-41ce-bc04-354f7c9988fd', 1, 'i', 'test', '2015-02-27 15:32:02.662');
INSERT INTO approle_appgroup (approle_code, appgroup_id, rowidentifier, rowversion, change_action, change_user, change_time) VALUES ('CompleteService', 'ff94bfad-7079-41ea-bf4b-6962e36cad1f', 'da1ad59f-f120-4924-a8f1-1124e9125deb', 1, 'i', 'test', '2015-02-27 15:32:02.662');
INSERT INTO approle_appgroup (approle_code, appgroup_id, rowidentifier, rowversion, change_action, change_user, change_time) VALUES ('RevertService', 'ff94bfad-7079-41ea-bf4b-6962e36cad1f', 'c479e590-007b-40b5-8c53-ff2296897bab', 1, 'i', 'test', '2015-02-27 15:32:02.662');
INSERT INTO approle_appgroup (approle_code, appgroup_id, rowidentifier, rowversion, change_action, change_user, change_time) VALUES ('StartService', 'ff94bfad-7079-41ea-bf4b-6962e36cad1f', '96a82327-117b-4987-9e1e-c097ac9c78eb', 1, 'i', 'test', '2015-02-27 15:32:02.662');
INSERT INTO approle_appgroup (approle_code, appgroup_id, rowidentifier, rowversion, change_action, change_user, change_time) VALUES ('obscurationRequest', 'super-group-id', '4e4851d6-be74-11e4-a0e2-cf34ee2f0a0c', 1, 'i', 'db:postgres', '2015-02-27 12:32:26.68');
INSERT INTO approle_appgroup (approle_code, appgroup_id, rowidentifier, rowversion, change_action, change_user, change_time) VALUES ('MapFeatureEditor', 'super-group-id', '65e1ce80-c216-11e4-9b2e-5b36c326716c', 1, 'i', 'db:postgres', '2015-03-04 15:30:18.217');
INSERT INTO approle_appgroup (approle_code, appgroup_id, rowidentifier, rowversion, change_action, change_user, change_time) VALUES ('MapZoneEditor', 'super-group-id', '65e48daa-c216-11e4-b81b-8bb0457ebb45', 1, 'i', 'db:postgres', '2015-03-04 15:30:18.217');
INSERT INTO approle_appgroup (approle_code, appgroup_id, rowidentifier, rowversion, change_action, change_user, change_time) VALUES ('ReportGender', 'super-group-id', '65e529ea-c216-11e4-a806-2b89f1f9e9c1', 1, 'i', 'db:postgres', '2015-03-04 15:30:18.217');
INSERT INTO approle_appgroup (approle_code, appgroup_id, rowidentifier, rowversion, change_action, change_user, change_time) VALUES ('AccessCS', 'CommunityRecorders', 'ea10c034-b845-11e3-b045-db6f34a547f8', 1, 'i', 'db:postgres', '2015-10-12 11:17:17.685');
INSERT INTO approle_appgroup (approle_code, appgroup_id, rowidentifier, rowversion, change_action, change_user, change_time) VALUES ('AccessCS', 'super-group-id', '65dfc8ea-cc69-11e3-999c-53ccd0502f3a', 1, 'i', 'db:postgres', '2015-10-12 11:17:17.685');
INSERT INTO approle_appgroup (approle_code, appgroup_id, rowidentifier, rowversion, change_action, change_user, change_time) VALUES ('ModerateClaim', 'claim-moderators', '0c36e100-eb60-11e3-9533-178ebeef4b74', 1, 'i', 'db:postgres', '2015-10-12 11:17:17.685');
INSERT INTO approle_appgroup (approle_code, appgroup_id, rowidentifier, rowversion, change_action, change_user, change_time) VALUES ('AccessCS', 'claim-moderators', '0c45d552-eb60-11e3-809a-d76734fbffdd', 1, 'i', 'db:postgres', '2015-10-12 11:17:17.685');
INSERT INTO approle_appgroup (approle_code, appgroup_id, rowidentifier, rowversion, change_action, change_user, change_time) VALUES ('RecordClaim', 'CommunityRecorders', '4670a0b0-1ba1-11e4-9bde-73a6b8c95aee', 1, 'i', 'db:postgres', '2015-10-12 11:17:17.685');
INSERT INTO approle_appgroup (approle_code, appgroup_id, rowidentifier, rowversion, change_action, change_user, change_time) VALUES ('RecordClaim', 'super-group-id', '467338ca-1ba1-11e4-841c-bba6c14ffbb3', 1, 'i', 'db:postgres', '2015-10-12 11:17:17.685');
INSERT INTO approle_appgroup (approle_code, appgroup_id, rowidentifier, rowversion, change_action, change_user, change_time) VALUES ('ReviewClaim', 'super-group-id', '467386ea-1ba1-11e4-bde7-0b769093a89f', 1, 'i', 'db:postgres', '2015-10-12 11:17:17.685');
INSERT INTO approle_appgroup (approle_code, appgroup_id, rowidentifier, rowversion, change_action, change_user, change_time) VALUES ('ReviewClaim', 'claim-reviewers', '4673adfa-1ba1-11e4-bc93-17aba8d6daed', 1, 'i', 'db:postgres', '2015-10-12 11:17:17.685');
INSERT INTO approle_appgroup (approle_code, appgroup_id, rowidentifier, rowversion, change_action, change_user, change_time) VALUES ('AccessCS', 'claim-reviewers', '4673d50a-1ba1-11e4-a1f9-ef941a7b9d3f', 1, 'i', 'db:postgres', '2015-10-12 11:17:17.685');
INSERT INTO approle_appgroup (approle_code, appgroup_id, rowidentifier, rowversion, change_action, change_user, change_time) VALUES ('AccessCS', 'CommunityMembers', 'ac3503a8-bb9e-11e4-b25d-777354e14c1e', 1, 'i', 'db:postgres', '2015-10-12 11:17:17.685');
INSERT INTO approle_appgroup (approle_code, appgroup_id, rowidentifier, rowversion, change_action, change_user, change_time) VALUES ('ViewReports', 'super-group-id', '2c4da65a-43f6-11e5-9c67-9f326dbd1cf8', 1, 'i', 'db:postgres', '2015-10-28 23:47:50.57');
INSERT INTO approle_appgroup (approle_code, appgroup_id, rowidentifier, rowversion, change_action, change_user, change_time) VALUES ('ApplnCompleteDate', 'super-group-id', 'a12b9b7a-8894-11e5-96f3-e7b36f4a1897', 1, 'i', 'db:postgres', '2015-11-11 17:52:44.499');
INSERT INTO approle_appgroup (approle_code, appgroup_id, rowidentifier, rowversion, change_action, change_user, change_time) VALUES ('ManageUserPassword', 'super-group-id', 'a1302f5a-8894-11e5-9c95-6bc9ffa495e2', 1, 'i', 'db:postgres', '2015-11-11 17:52:44.499');
INSERT INTO approle_appgroup (approle_code, appgroup_id, rowidentifier, rowversion, change_action, change_user, change_time) VALUES ('ViewSource', 'super-group-id', 'a1302f5a-8894-11e5-9785-9bfbba820a18', 1, 'i', 'db:postgres', '2015-11-11 17:52:44.499');
INSERT INTO approle_appgroup (approle_code, appgroup_id, rowidentifier, rowversion, change_action, change_user, change_time) VALUES ('DashbrdViewOwn', 'super-group-id', 'a1333ca4-8894-11e5-a0f5-03323d7517ff', 1, 'i', 'db:postgres', '2015-11-11 17:52:44.499');
INSERT INTO approle_appgroup (approle_code, appgroup_id, rowidentifier, rowversion, change_action, change_user, change_time) VALUES ('ArchiveApps', 'super-group-id', 'a1333ca4-8894-11e5-80f7-0bf60df51649', 1, 'i', 'db:postgres', '2015-11-11 17:52:44.499');
INSERT INTO approle_appgroup (approle_code, appgroup_id, rowidentifier, rowversion, change_action, change_user, change_time) VALUES ('BaunitNotatSave', 'super-group-id', 'a1333ca4-8894-11e5-816d-cbd61c37e403', 1, 'i', 'db:postgres', '2015-11-11 17:52:44.499');
INSERT INTO approle_appgroup (approle_code, appgroup_id, rowidentifier, rowversion, change_action, change_user, change_time) VALUES ('BauunitrrrSave', 'super-group-id', 'a1333ca4-8894-11e5-96c2-17218a393a5d', 1, 'i', 'db:postgres', '2015-11-11 17:52:44.499');
INSERT INTO approle_appgroup (approle_code, appgroup_id, rowidentifier, rowversion, change_action, change_user, change_time) VALUES ('BaunitParcelSave', 'super-group-id', 'a1333ca4-8894-11e5-bbe4-6f6e88b92967', 1, 'i', 'db:postgres', '2015-11-11 17:52:44.499');
INSERT INTO approle_appgroup (approle_code, appgroup_id, rowidentifier, rowversion, change_action, change_user, change_time) VALUES ('ModerateClaim', 'super-group-id', 'a1333ca4-8894-11e5-980c-03b728913c82', 1, 'i', 'db:postgres', '2015-11-11 17:52:44.499');
INSERT INTO approle_appgroup (approle_code, appgroup_id, rowidentifier, rowversion, change_action, change_user, change_time) VALUES ('regnDeeds', 'super-group-id', 'a134c344-8894-11e5-afe6-7339972a0a4f', 1, 'i', 'db:postgres', '2015-11-11 17:52:44.499');
INSERT INTO approle_appgroup (approle_code, appgroup_id, rowidentifier, rowversion, change_action, change_user, change_time) VALUES ('newDigitalProperty', 'super-group-id', 'a134c344-8894-11e5-a665-6fa3cb46a864', 1, 'i', 'db:postgres', '2015-11-11 17:52:44.499');
INSERT INTO approle_appgroup (approle_code, appgroup_id, rowidentifier, rowversion, change_action, change_user, change_time) VALUES ('newState', 'super-group-id', 'a134c344-8894-11e5-8ad4-53fa717b425b', 1, 'i', 'db:postgres', '2015-11-11 17:52:44.499');
INSERT INTO approle_appgroup (approle_code, appgroup_id, rowidentifier, rowversion, change_action, change_user, change_time) VALUES ('limitedRoadAccess', 'super-group-id', 'a134c344-8894-11e5-bdc9-a3f1167f2b8a', 1, 'i', 'db:postgres', '2015-11-11 17:52:44.499');
INSERT INTO approle_appgroup (approle_code, appgroup_id, rowidentifier, rowversion, change_action, change_user, change_time) VALUES ('lifeEstate', 'super-group-id', 'a134c344-8894-11e5-bd64-438ff847175a', 1, 'i', 'db:postgres', '2015-11-11 17:52:44.499');
INSERT INTO approle_appgroup (approle_code, appgroup_id, rowidentifier, rowversion, change_action, change_user, change_time) VALUES ('usufruct', 'super-group-id', 'a134c344-8894-11e5-9648-f31ac5a7ae6f', 1, 'i', 'db:postgres', '2015-11-11 17:52:44.499');
INSERT INTO approle_appgroup (approle_code, appgroup_id, rowidentifier, rowversion, change_action, change_user, change_time) VALUES ('waterRights', 'super-group-id', 'a13649e4-8894-11e5-863e-831f5cd6f8ca', 1, 'i', 'db:postgres', '2015-11-11 17:52:44.499');
INSERT INTO approle_appgroup (approle_code, appgroup_id, rowidentifier, rowversion, change_action, change_user, change_time) VALUES ('noteOccupation', 'super-group-id', 'a13649e4-8894-11e5-b569-b33da4eddb9a', 1, 'i', 'db:postgres', '2015-11-11 17:52:44.499');
INSERT INTO approle_appgroup (approle_code, appgroup_id, rowidentifier, rowversion, change_action, change_user, change_time) VALUES ('recordTransfer', 'super-group-id', 'a13649e4-8894-11e5-9bb0-f3b4aeffc9b9', 1, 'i', 'db:postgres', '2015-11-11 17:52:44.499');
INSERT INTO approle_appgroup (approle_code, appgroup_id, rowidentifier, rowversion, change_action, change_user, change_time) VALUES ('cadastreBulk', 'super-group-id', 'a13649e4-8894-11e5-9224-63233685120a', 1, 'i', 'db:postgres', '2015-11-11 17:52:44.499');
INSERT INTO approle_appgroup (approle_code, appgroup_id, rowidentifier, rowversion, change_action, change_user, change_time) VALUES ('cadastreExport', 'super-group-id', 'a13649e4-8894-11e5-8845-f755fdd91b9a', 1, 'i', 'db:postgres', '2015-11-11 17:52:44.499');
INSERT INTO approle_appgroup (approle_code, appgroup_id, rowidentifier, rowversion, change_action, change_user, change_time) VALUES ('subdivideProperty', 'super-group-id', 'a13649e4-8894-11e5-b5de-0398c8dd4a01', 1, 'i', 'db:postgres', '2015-11-11 17:52:44.499');
INSERT INTO approle_appgroup (approle_code, appgroup_id, rowidentifier, rowversion, change_action, change_user, change_time) VALUES ('ManageBR', '10', 'a137d084-8894-11e5-afe9-8ff9615e0616', 1, 'i', 'db:postgres', '2015-11-11 17:52:44.499');
INSERT INTO approle_appgroup (approle_code, appgroup_id, rowidentifier, rowversion, change_action, change_user, change_time) VALUES ('ManageRefdata', '10', 'a137d084-8894-11e5-886f-5f669045bd0a', 1, 'i', 'db:postgres', '2015-11-11 17:52:44.499');
INSERT INTO approle_appgroup (approle_code, appgroup_id, rowidentifier, rowversion, change_action, change_user, change_time) VALUES ('ManageSettings', '10', 'a1395724-8894-11e5-a701-3390743baa91', 1, 'i', 'db:postgres', '2015-11-11 17:52:44.499');
INSERT INTO approle_appgroup (approle_code, appgroup_id, rowidentifier, rowversion, change_action, change_user, change_time) VALUES ('ManageSecurity', '10', 'a1395724-8894-11e5-abd2-af74016af5aa', 1, 'i', 'db:postgres', '2015-11-11 17:52:44.499');
INSERT INTO approle_appgroup (approle_code, appgroup_id, rowidentifier, rowversion, change_action, change_user, change_time) VALUES ('ApplnView', '10', 'a1395724-8894-11e5-8492-af0269e76cc2', 1, 'i', 'db:postgres', '2015-11-11 17:52:44.499');
INSERT INTO approle_appgroup (approle_code, appgroup_id, rowidentifier, rowversion, change_action, change_user, change_time) VALUES ('BaunitSearch', '10', 'a13addc4-8894-11e5-80e4-c3355649e1dc', 1, 'i', 'db:postgres', '2015-11-11 17:52:44.499');
INSERT INTO approle_appgroup (approle_code, appgroup_id, rowidentifier, rowversion, change_action, change_user, change_time) VALUES ('SourceSearch', '10', 'a13addc4-8894-11e5-a6bc-7757d4a5d4de', 1, 'i', 'db:postgres', '2015-11-11 17:52:44.499');
INSERT INTO approle_appgroup (approle_code, appgroup_id, rowidentifier, rowversion, change_action, change_user, change_time) VALUES ('ViewMap', '10', 'a13addc4-8894-11e5-ac66-b3e8c9fabb6f', 1, 'i', 'db:postgres', '2015-11-11 17:52:44.499');
INSERT INTO approle_appgroup (approle_code, appgroup_id, rowidentifier, rowversion, change_action, change_user, change_time) VALUES ('ReportGenerate', '10', 'a13addc4-8894-11e5-8e83-07d053080389', 1, 'i', 'db:postgres', '2015-11-11 17:52:44.499');
INSERT INTO approle_appgroup (approle_code, appgroup_id, rowidentifier, rowversion, change_action, change_user, change_time) VALUES ('ViewSource', '10', 'a13c6464-8894-11e5-b952-2f91a0d8bd20', 1, 'i', 'db:postgres', '2015-11-11 17:52:44.499');
INSERT INTO approle_appgroup (approle_code, appgroup_id, rowidentifier, rowversion, change_action, change_user, change_time) VALUES ('ManageUserPassword', '10', 'a13c6464-8894-11e5-82f0-7fc819f7a32d', 1, 'i', 'db:postgres', '2015-11-11 17:52:44.499');
INSERT INTO approle_appgroup (approle_code, appgroup_id, rowidentifier, rowversion, change_action, change_user, change_time) VALUES ('PartySearch', '10', 'a13c6464-8894-11e5-b04b-e3dee174affd', 1, 'i', 'db:postgres', '2015-11-11 17:52:44.499');
INSERT INTO approle_appgroup (approle_code, appgroup_id, rowidentifier, rowversion, change_action, change_user, change_time) VALUES ('PartySave', '10', 'a13c6464-8894-11e5-b4a0-838c31c0119d', 1, 'i', 'db:postgres', '2015-11-11 17:52:44.499');
INSERT INTO approle_appgroup (approle_code, appgroup_id, rowidentifier, rowversion, change_action, change_user, change_time) VALUES ('BaunitSearch', '20', 'a13deb04-8894-11e5-a827-b73af4158059', 1, 'i', 'db:postgres', '2015-11-11 17:52:44.499');
INSERT INTO approle_appgroup (approle_code, appgroup_id, rowidentifier, rowversion, change_action, change_user, change_time) VALUES ('ManageUserPassword', '20', 'a13deb04-8894-11e5-baef-2f3461c89e60', 1, 'i', 'db:postgres', '2015-11-11 17:52:44.499');
INSERT INTO approle_appgroup (approle_code, appgroup_id, rowidentifier, rowversion, change_action, change_user, change_time) VALUES ('ViewSource', '20', 'a13deb04-8894-11e5-8889-f7f5bf0d0614', 1, 'i', 'db:postgres', '2015-11-11 17:52:44.499');
INSERT INTO approle_appgroup (approle_code, appgroup_id, rowidentifier, rowversion, change_action, change_user, change_time) VALUES ('ApplnView', '30', 'a13deb04-8894-11e5-860a-6fb5acc305ed', 1, 'i', 'db:postgres', '2015-11-11 17:52:44.499');
INSERT INTO approle_appgroup (approle_code, appgroup_id, rowidentifier, rowversion, change_action, change_user, change_time) VALUES ('SourceSearch', '30', 'a13f71a4-8894-11e5-9280-b3d3543168a7', 1, 'i', 'db:postgres', '2015-11-11 17:52:44.499');
INSERT INTO approle_appgroup (approle_code, appgroup_id, rowidentifier, rowversion, change_action, change_user, change_time) VALUES ('ViewMap', '30', 'a13f71a4-8894-11e5-ad4b-cfa6e259ced2', 1, 'i', 'db:postgres', '2015-11-11 17:52:44.499');
INSERT INTO approle_appgroup (approle_code, appgroup_id, rowidentifier, rowversion, change_action, change_user, change_time) VALUES ('ManageUserPassword', '30', 'a13f71a4-8894-11e5-9105-fbd76296d965', 1, 'i', 'db:postgres', '2015-11-11 17:52:44.499');
INSERT INTO approle_appgroup (approle_code, appgroup_id, rowidentifier, rowversion, change_action, change_user, change_time) VALUES ('ViewSource', '30', 'a13f71a4-8894-11e5-8524-f3f8a98a48eb', 1, 'i', 'db:postgres', '2015-11-11 17:52:44.499');
INSERT INTO approle_appgroup (approle_code, appgroup_id, rowidentifier, rowversion, change_action, change_user, change_time) VALUES ('PrintMap', '30', 'a13f71a4-8894-11e5-8a68-abe36a0fe5cf', 1, 'i', 'db:postgres', '2015-11-11 17:52:44.499');
INSERT INTO approle_appgroup (approle_code, appgroup_id, rowidentifier, rowversion, change_action, change_user, change_time) VALUES ('ExportMap', '30', 'a140f844-8894-11e5-a8a2-533a88b32c67', 1, 'i', 'db:postgres', '2015-11-11 17:52:44.499');
INSERT INTO approle_appgroup (approle_code, appgroup_id, rowidentifier, rowversion, change_action, change_user, change_time) VALUES ('ReportGenerate', '40', 'a140f844-8894-11e5-9c8e-1b29b6c6c403', 1, 'i', 'db:postgres', '2015-11-11 17:52:44.499');
INSERT INTO approle_appgroup (approle_code, appgroup_id, rowidentifier, rowversion, change_action, change_user, change_time) VALUES ('ApplnAssignOthers', '40', 'a140f844-8894-11e5-8524-2f4094924994', 1, 'i', 'db:postgres', '2015-11-11 17:52:44.499');
INSERT INTO approle_appgroup (approle_code, appgroup_id, rowidentifier, rowversion, change_action, change_user, change_time) VALUES ('ApplnUnassignOthers', '40', 'a140f844-8894-11e5-a6a3-97369ea43f15', 1, 'i', 'db:postgres', '2015-11-11 17:52:44.499');
INSERT INTO approle_appgroup (approle_code, appgroup_id, rowidentifier, rowversion, change_action, change_user, change_time) VALUES ('ApplnCompleteDate', '40', 'a1427ee4-8894-11e5-9845-ef46c5153f6c', 1, 'i', 'db:postgres', '2015-11-11 17:52:44.499');
INSERT INTO approle_appgroup (approle_code, appgroup_id, rowidentifier, rowversion, change_action, change_user, change_time) VALUES ('ManageUserPassword', '40', 'a1427ee4-8894-11e5-98d2-cb470c4c840c', 1, 'i', 'db:postgres', '2015-11-11 17:52:44.499');
INSERT INTO approle_appgroup (approle_code, appgroup_id, rowidentifier, rowversion, change_action, change_user, change_time) VALUES ('ViewSource', '40', 'a1427ee4-8894-11e5-95e5-4bbf1cffd2ce', 1, 'i', 'db:postgres', '2015-11-11 17:52:44.499');
INSERT INTO approle_appgroup (approle_code, appgroup_id, rowidentifier, rowversion, change_action, change_user, change_time) VALUES ('PartySearch', '40', 'a1427ee4-8894-11e5-839e-23d42037bec8', 1, 'i', 'db:postgres', '2015-11-11 17:52:44.499');
INSERT INTO approle_appgroup (approle_code, appgroup_id, rowidentifier, rowversion, change_action, change_user, change_time) VALUES ('ApplnApprove', '40', 'a1427ee4-8894-11e5-8e15-6743bf4111d4', 1, 'i', 'db:postgres', '2015-11-11 17:52:44.499');
INSERT INTO approle_appgroup (approle_code, appgroup_id, rowidentifier, rowversion, change_action, change_user, change_time) VALUES ('ApplnReject', '40', 'a1440584-8894-11e5-957d-334f43f8b363', 1, 'i', 'db:postgres', '2015-11-11 17:52:44.499');
INSERT INTO approle_appgroup (approle_code, appgroup_id, rowidentifier, rowversion, change_action, change_user, change_time) VALUES ('ApplnWithdraw', '40', 'a1440584-8894-11e5-b4a0-cb546b5daacc', 1, 'i', 'db:postgres', '2015-11-11 17:52:44.499');
INSERT INTO approle_appgroup (approle_code, appgroup_id, rowidentifier, rowversion, change_action, change_user, change_time) VALUES ('ApplnEdit', '60', 'a1440584-8894-11e5-a5bf-f799b286ff2e', 1, 'i', 'db:postgres', '2015-11-11 17:52:44.499');
INSERT INTO approle_appgroup (approle_code, appgroup_id, rowidentifier, rowversion, change_action, change_user, change_time) VALUES ('TransactionCommit', '60', 'a1440584-8894-11e5-aed5-5b43a7509dc6', 1, 'i', 'db:postgres', '2015-11-11 17:52:44.499');
INSERT INTO approle_appgroup (approle_code, appgroup_id, rowidentifier, rowversion, change_action, change_user, change_time) VALUES ('ApplnArchive', '60', 'a1458c24-8894-11e5-9e2f-2b1766d65988', 1, 'i', 'db:postgres', '2015-11-11 17:52:44.499');
INSERT INTO approle_appgroup (approle_code, appgroup_id, rowidentifier, rowversion, change_action, change_user, change_time) VALUES ('ApplnAssignSelf', '60', 'a1458c24-8894-11e5-8bc4-afb1c9826bd7', 1, 'i', 'db:postgres', '2015-11-11 17:52:44.499');
INSERT INTO approle_appgroup (approle_code, appgroup_id, rowidentifier, rowversion, change_action, change_user, change_time) VALUES ('CancelService', '60', 'a1458c24-8894-11e5-80a8-2f4794352822', 1, 'i', 'db:postgres', '2015-11-11 17:52:44.499');
INSERT INTO approle_appgroup (approle_code, appgroup_id, rowidentifier, rowversion, change_action, change_user, change_time) VALUES ('CompleteService', '60', 'a1458c24-8894-11e5-ae17-2b57f6c64641', 1, 'i', 'db:postgres', '2015-11-11 17:52:44.499');
INSERT INTO approle_appgroup (approle_code, appgroup_id, rowidentifier, rowversion, change_action, change_user, change_time) VALUES ('ApplnDispatch', '60', 'a1458c24-8894-11e5-9190-8b04c0768fbf', 1, 'i', 'db:postgres', '2015-11-11 17:52:44.499');
INSERT INTO approle_appgroup (approle_code, appgroup_id, rowidentifier, rowversion, change_action, change_user, change_time) VALUES ('ApplnStatus', '60', 'a14712c4-8894-11e5-9ea0-b78b3b6302e7', 1, 'i', 'db:postgres', '2015-11-11 17:52:44.499');
INSERT INTO approle_appgroup (approle_code, appgroup_id, rowidentifier, rowversion, change_action, change_user, change_time) VALUES ('ApplnCreate', '60', 'a14712c4-8894-11e5-aa1d-e39dc4590f73', 1, 'i', 'db:postgres', '2015-11-11 17:52:44.499');
INSERT INTO approle_appgroup (approle_code, appgroup_id, rowidentifier, rowversion, change_action, change_user, change_time) VALUES ('PrintMap', '60', 'a14712c4-8894-11e5-8c6d-279001ec5676', 1, 'i', 'db:postgres', '2015-11-11 17:52:44.499');
INSERT INTO approle_appgroup (approle_code, appgroup_id, rowidentifier, rowversion, change_action, change_user, change_time) VALUES ('SourcePrint', '60', 'a14712c4-8894-11e5-8ba6-b7c26e1400af', 1, 'i', 'db:postgres', '2015-11-11 17:52:44.499');
INSERT INTO approle_appgroup (approle_code, appgroup_id, rowidentifier, rowversion, change_action, change_user, change_time) VALUES ('ApplnRequisition', '60', 'a14712c4-8894-11e5-87e2-fb3e4831cae5', 1, 'i', 'db:postgres', '2015-11-11 17:52:44.499');
INSERT INTO approle_appgroup (approle_code, appgroup_id, rowidentifier, rowversion, change_action, change_user, change_time) VALUES ('ApplnResubmit', '60', 'a1489964-8894-11e5-90cf-9f7a0d477607', 1, 'i', 'db:postgres', '2015-11-11 17:52:44.499');
INSERT INTO approle_appgroup (approle_code, appgroup_id, rowidentifier, rowversion, change_action, change_user, change_time) VALUES ('ApplnView', '60', 'a1489964-8894-11e5-8101-a745534731ca', 1, 'i', 'db:postgres', '2015-11-11 17:52:44.499');
INSERT INTO approle_appgroup (approle_code, appgroup_id, rowidentifier, rowversion, change_action, change_user, change_time) VALUES ('SourceSearch', '60', 'a1489964-8894-11e5-99cb-9b29b9c46773', 1, 'i', 'db:postgres', '2015-11-11 17:52:44.499');
INSERT INTO approle_appgroup (approle_code, appgroup_id, rowidentifier, rowversion, change_action, change_user, change_time) VALUES ('ApplnValidate', '60', 'a1489964-8894-11e5-a1cf-7fe55eb4432d', 1, 'i', 'db:postgres', '2015-11-11 17:52:44.499');
INSERT INTO approle_appgroup (approle_code, appgroup_id, rowidentifier, rowversion, change_action, change_user, change_time) VALUES ('DashbrdViewAssign', '60', 'a14a2004-8894-11e5-8948-0b43a8d2cc86', 1, 'i', 'db:postgres', '2015-11-11 17:52:44.499');
INSERT INTO approle_appgroup (approle_code, appgroup_id, rowidentifier, rowversion, change_action, change_user, change_time) VALUES ('ViewMap', '60', 'a14a2004-8894-11e5-8ad7-f773b68f7dec', 1, 'i', 'db:postgres', '2015-11-11 17:52:44.499');
INSERT INTO approle_appgroup (approle_code, appgroup_id, rowidentifier, rowversion, change_action, change_user, change_time) VALUES ('DashbrdViewOwn', '60', 'a14a2004-8894-11e5-b6a1-7fdfb5985505', 1, 'i', 'db:postgres', '2015-11-11 17:52:44.499');
INSERT INTO approle_appgroup (approle_code, appgroup_id, rowidentifier, rowversion, change_action, change_user, change_time) VALUES ('DashbrdViewUnassign', '60', 'a14a2004-8894-11e5-9fe2-932b165a67c2', 1, 'i', 'db:postgres', '2015-11-11 17:52:44.499');
INSERT INTO approle_appgroup (approle_code, appgroup_id, rowidentifier, rowversion, change_action, change_user, change_time) VALUES ('StartService', '60', 'a14a2004-8894-11e5-ad0d-33924491b613', 1, 'i', 'db:postgres', '2015-11-11 17:52:44.499');
INSERT INTO approle_appgroup (approle_code, appgroup_id, rowidentifier, rowversion, change_action, change_user, change_time) VALUES ('PartySave', '60', 'a14ba6a4-8894-11e5-80e1-b3d9d94970fc', 1, 'i', 'db:postgres', '2015-11-11 17:52:44.499');
INSERT INTO approle_appgroup (approle_code, appgroup_id, rowidentifier, rowversion, change_action, change_user, change_time) VALUES ('ApplnUnassignSelf', '60', 'a14ba6a4-8894-11e5-ad2c-3b9f74d2c327', 1, 'i', 'db:postgres', '2015-11-11 17:52:44.499');
INSERT INTO approle_appgroup (approle_code, appgroup_id, rowidentifier, rowversion, change_action, change_user, change_time) VALUES ('BaunitCertificate', '60', 'a14ba6a4-8894-11e5-a5d9-7fdd6bcc66eb', 1, 'i', 'db:postgres', '2015-11-11 17:52:44.499');
INSERT INTO approle_appgroup (approle_code, appgroup_id, rowidentifier, rowversion, change_action, change_user, change_time) VALUES ('BaunitNotatSave', '60', 'a14ba6a4-8894-11e5-8e2d-3fd09baf4ed1', 1, 'i', 'db:postgres', '2015-11-11 17:52:44.499');
INSERT INTO approle_appgroup (approle_code, appgroup_id, rowidentifier, rowversion, change_action, change_user, change_time) VALUES ('BaunitParcelSave', '60', 'a14d2d44-8894-11e5-a05c-873c19baae8f', 1, 'i', 'db:postgres', '2015-11-11 17:52:44.499');
INSERT INTO approle_appgroup (approle_code, appgroup_id, rowidentifier, rowversion, change_action, change_user, change_time) VALUES ('BaunitSave', '60', 'a14d2d44-8894-11e5-89b0-f302ecd473e9', 1, 'i', 'db:postgres', '2015-11-11 17:52:44.499');
INSERT INTO approle_appgroup (approle_code, appgroup_id, rowidentifier, rowversion, change_action, change_user, change_time) VALUES ('BaunitSearch', '60', 'a14d2d44-8894-11e5-9355-b7072173f4d0', 1, 'i', 'db:postgres', '2015-11-11 17:52:44.499');
INSERT INTO approle_appgroup (approle_code, appgroup_id, rowidentifier, rowversion, change_action, change_user, change_time) VALUES ('BauunitrrrSave', '60', 'a14eb3e4-8894-11e5-ae3f-ff863736e469', 1, 'i', 'db:postgres', '2015-11-11 17:52:44.499');
INSERT INTO approle_appgroup (approle_code, appgroup_id, rowidentifier, rowversion, change_action, change_user, change_time) VALUES ('RevertService', '60', 'a14eb3e4-8894-11e5-8ca8-2330fb4dc757', 1, 'i', 'db:postgres', '2015-11-11 17:52:44.499');
INSERT INTO approle_appgroup (approle_code, appgroup_id, rowidentifier, rowversion, change_action, change_user, change_time) VALUES ('SourceSave', '60', 'a14eb3e4-8894-11e5-921e-ebb884f9d139', 1, 'i', 'db:postgres', '2015-11-11 17:52:44.499');
INSERT INTO approle_appgroup (approle_code, appgroup_id, rowidentifier, rowversion, change_action, change_user, change_time) VALUES ('ParcelSave', '60', 'a14eb3e4-8894-11e5-ad69-9f3f163cda12', 1, 'i', 'db:postgres', '2015-11-11 17:52:44.499');
INSERT INTO approle_appgroup (approle_code, appgroup_id, rowidentifier, rowversion, change_action, change_user, change_time) VALUES ('ManageUserPassword', '60', 'a1503a84-8894-11e5-9ea5-5b03b2a73009', 1, 'i', 'db:postgres', '2015-11-11 17:52:44.499');
INSERT INTO approle_appgroup (approle_code, appgroup_id, rowidentifier, rowversion, change_action, change_user, change_time) VALUES ('ViewSource', '60', 'a1503a84-8894-11e5-8a7f-cb41acdb5631', 1, 'i', 'db:postgres', '2015-11-11 17:52:44.499');
INSERT INTO approle_appgroup (approle_code, appgroup_id, rowidentifier, rowversion, change_action, change_user, change_time) VALUES ('ApplnApprove', '60', 'a1503a84-8894-11e5-8583-3770db2c9da7', 1, 'i', 'db:postgres', '2015-11-11 17:52:44.499');
INSERT INTO approle_appgroup (approle_code, appgroup_id, rowidentifier, rowversion, change_action, change_user, change_time) VALUES ('caveat', '60', 'a1503a84-8894-11e5-b833-fb62990d3909', 1, 'i', 'db:postgres', '2015-11-11 17:52:44.499');
INSERT INTO approle_appgroup (approle_code, appgroup_id, rowidentifier, rowversion, change_action, change_user, change_time) VALUES ('varyCaveat', '60', 'a1503a84-8894-11e5-acfe-f382c1d7582e', 1, 'i', 'db:postgres', '2015-11-11 17:52:44.499');
INSERT INTO approle_appgroup (approle_code, appgroup_id, rowidentifier, rowversion, change_action, change_user, change_time) VALUES ('removeCaveat', '60', 'a151c124-8894-11e5-9f7a-8f4bb341d478', 1, 'i', 'db:postgres', '2015-11-11 17:52:44.499');
INSERT INTO approle_appgroup (approle_code, appgroup_id, rowidentifier, rowversion, change_action, change_user, change_time) VALUES ('cnclPowerOfAttorney', '60', 'a151c124-8894-11e5-b57b-4fbdd986da0a', 1, 'i', 'db:postgres', '2015-11-11 17:52:44.499');
INSERT INTO approle_appgroup (approle_code, appgroup_id, rowidentifier, rowversion, change_action, change_user, change_time) VALUES ('removeRight', '60', 'a151c124-8894-11e5-8184-773a2e594169', 1, 'i', 'db:postgres', '2015-11-11 17:52:44.499');
INSERT INTO approle_appgroup (approle_code, appgroup_id, rowidentifier, rowversion, change_action, change_user, change_time) VALUES ('removeRestriction', '60', 'a151c124-8894-11e5-8873-57b673213cdb', 1, 'i', 'db:postgres', '2015-11-11 17:52:44.499');
INSERT INTO approle_appgroup (approle_code, appgroup_id, rowidentifier, rowversion, change_action, change_user, change_time) VALUES ('varyMortgage', '60', 'a151c124-8894-11e5-9547-1bd0c2284978', 1, 'i', 'db:postgres', '2015-11-11 17:52:44.499');
INSERT INTO approle_appgroup (approle_code, appgroup_id, rowidentifier, rowversion, change_action, change_user, change_time) VALUES ('serviceEnquiry', '60', 'a15347c4-8894-11e5-ad85-6facae1dbb63', 1, 'i', 'db:postgres', '2015-11-11 17:52:44.499');
INSERT INTO approle_appgroup (approle_code, appgroup_id, rowidentifier, rowversion, change_action, change_user, change_time) VALUES ('regnPowerOfAttorney', '60', 'a15347c4-8894-11e5-9d02-6f26b6fb59e0', 1, 'i', 'db:postgres', '2015-11-11 17:52:44.499');
INSERT INTO approle_appgroup (approle_code, appgroup_id, rowidentifier, rowversion, change_action, change_user, change_time) VALUES ('registerLease', '60', 'a15347c4-8894-11e5-80d8-8f93c047930b', 1, 'i', 'db:postgres', '2015-11-11 17:52:44.499');
INSERT INTO approle_appgroup (approle_code, appgroup_id, rowidentifier, rowversion, change_action, change_user, change_time) VALUES ('recordRelationship', '60', 'a15347c4-8894-11e5-a479-7fa783b95ae6', 1, 'i', 'db:postgres', '2015-11-11 17:52:44.499');
INSERT INTO approle_appgroup (approle_code, appgroup_id, rowidentifier, rowversion, change_action, change_user, change_time) VALUES ('newDigitalTitle', '60', 'a15347c4-8894-11e5-87e5-1bff8c60f641', 1, 'i', 'db:postgres', '2015-11-11 17:52:44.499');
INSERT INTO approle_appgroup (approle_code, appgroup_id, rowidentifier, rowversion, change_action, change_user, change_time) VALUES ('regnOnTitle', '60', 'a154ce64-8894-11e5-a7a2-df1e6abf7dda', 1, 'i', 'db:postgres', '2015-11-11 17:52:44.499');
INSERT INTO approle_appgroup (approle_code, appgroup_id, rowidentifier, rowversion, change_action, change_user, change_time) VALUES ('cancelProperty', '60', 'a154ce64-8894-11e5-ab45-23ecbbaba1fa', 1, 'i', 'db:postgres', '2015-11-11 17:52:44.499');
INSERT INTO approle_appgroup (approle_code, appgroup_id, rowidentifier, rowversion, change_action, change_user, change_time) VALUES ('servitude', '60', 'a154ce64-8894-11e5-9cd2-0b5b52087185', 1, 'i', 'db:postgres', '2015-11-11 17:52:44.499');
INSERT INTO approle_appgroup (approle_code, appgroup_id, rowidentifier, rowversion, change_action, change_user, change_time) VALUES ('varyLease', '60', 'a154ce64-8894-11e5-af1b-07d0964d7c09', 1, 'i', 'db:postgres', '2015-11-11 17:52:44.499');
INSERT INTO approle_appgroup (approle_code, appgroup_id, rowidentifier, rowversion, change_action, change_user, change_time) VALUES ('mortgage', '60', 'a154ce64-8894-11e5-a0cd-1373579ebe3e', 1, 'i', 'db:postgres', '2015-11-11 17:52:44.499');
INSERT INTO approle_appgroup (approle_code, appgroup_id, rowidentifier, rowversion, change_action, change_user, change_time) VALUES ('varyRight', '60', 'a154ce64-8894-11e5-afe6-8f1bcfded8d2', 1, 'i', 'db:postgres', '2015-11-11 17:52:44.499');
INSERT INTO approle_appgroup (approle_code, appgroup_id, rowidentifier, rowversion, change_action, change_user, change_time) VALUES ('obscurationRequest', '60', 'a1565504-8894-11e5-9680-1319a35cc2ec', 1, 'i', 'db:postgres', '2015-11-11 17:52:44.499');
INSERT INTO approle_appgroup (approle_code, appgroup_id, rowidentifier, rowversion, change_action, change_user, change_time) VALUES ('buildingRestriction', '60', 'a1565504-8894-11e5-902c-03ac0214d9e3', 1, 'i', 'db:postgres', '2015-11-11 17:52:44.499');
INSERT INTO approle_appgroup (approle_code, appgroup_id, rowidentifier, rowversion, change_action, change_user, change_time) VALUES ('cancelRelationship', '60', 'a1565504-8894-11e5-af44-9b90c3e95180', 1, 'i', 'db:postgres', '2015-11-11 17:52:44.499');
INSERT INTO approle_appgroup (approle_code, appgroup_id, rowidentifier, rowversion, change_action, change_user, change_time) VALUES ('regnStandardDocument', '60', 'a1565504-8894-11e5-b4fb-a73cab82e3e0', 1, 'i', 'db:postgres', '2015-11-11 17:52:44.499');
INSERT INTO approle_appgroup (approle_code, appgroup_id, rowidentifier, rowversion, change_action, change_user, change_time) VALUES ('cnclStandardDocument', '60', 'a1565504-8894-11e5-a27a-efe69695ade6', 1, 'i', 'db:postgres', '2015-11-11 17:52:44.499');
INSERT INTO approle_appgroup (approle_code, appgroup_id, rowidentifier, rowversion, change_action, change_user, change_time) VALUES ('newApartment', '60', 'a157dba4-8894-11e5-8a35-17bde6c70565', 1, 'i', 'db:postgres', '2015-11-11 17:52:44.499');
INSERT INTO approle_appgroup (approle_code, appgroup_id, rowidentifier, rowversion, change_action, change_user, change_time) VALUES ('regnDeeds', '60', 'a157dba4-8894-11e5-833e-7bc73d0f3aa5', 1, 'i', 'db:postgres', '2015-11-11 17:52:44.499');
INSERT INTO approle_appgroup (approle_code, appgroup_id, rowidentifier, rowversion, change_action, change_user, change_time) VALUES ('mapExistingParcel', '60', 'a157dba4-8894-11e5-a94b-7f37e39acdb8', 1, 'i', 'db:postgres', '2015-11-11 17:52:44.499');
INSERT INTO approle_appgroup (approle_code, appgroup_id, rowidentifier, rowversion, change_action, change_user, change_time) VALUES ('documentCopy', '60', 'a157dba4-8894-11e5-9092-3fad2fd13ed0', 1, 'i', 'db:postgres', '2015-11-11 17:52:44.499');
INSERT INTO approle_appgroup (approle_code, appgroup_id, rowidentifier, rowversion, change_action, change_user, change_time) VALUES ('newDigitalProperty', '60', 'a157dba4-8894-11e5-8ffa-63823087b95c', 1, 'i', 'db:postgres', '2015-11-11 17:52:44.499');
INSERT INTO approle_appgroup (approle_code, appgroup_id, rowidentifier, rowversion, change_action, change_user, change_time) VALUES ('newState', '60', 'a1596244-8894-11e5-9c3f-8fe16c838f76', 1, 'i', 'db:postgres', '2015-11-11 17:52:44.499');
INSERT INTO approle_appgroup (approle_code, appgroup_id, rowidentifier, rowversion, change_action, change_user, change_time) VALUES ('historicOrder', '60', 'a1596244-8894-11e5-ae5b-378b19ec9651', 1, 'i', 'db:postgres', '2015-11-11 17:52:44.499');
INSERT INTO approle_appgroup (approle_code, appgroup_id, rowidentifier, rowversion, change_action, change_user, change_time) VALUES ('limitedRoadAccess', '60', 'a1596244-8894-11e5-8bed-d7f2cb0712cf', 1, 'i', 'db:postgres', '2015-11-11 17:52:44.499');
INSERT INTO approle_appgroup (approle_code, appgroup_id, rowidentifier, rowversion, change_action, change_user, change_time) VALUES ('lifeEstate', '60', 'a1596244-8894-11e5-809a-d3706c821ad5', 1, 'i', 'db:postgres', '2015-11-11 17:52:44.499');
INSERT INTO approle_appgroup (approle_code, appgroup_id, rowidentifier, rowversion, change_action, change_user, change_time) VALUES ('usufruct', '60', 'a1596244-8894-11e5-afac-f72d16cc9197', 1, 'i', 'db:postgres', '2015-11-11 17:52:44.499');
INSERT INTO approle_appgroup (approle_code, appgroup_id, rowidentifier, rowversion, change_action, change_user, change_time) VALUES ('waterRights', '60', 'a1596244-8894-11e5-b831-03fb33773fab', 1, 'i', 'db:postgres', '2015-11-11 17:52:44.499');
INSERT INTO approle_appgroup (approle_code, appgroup_id, rowidentifier, rowversion, change_action, change_user, change_time) VALUES ('noteOccupation', '60', 'a15ae8e4-8894-11e5-bb5f-3f6e9aeee2bc', 1, 'i', 'db:postgres', '2015-11-11 17:52:44.499');
INSERT INTO approle_appgroup (approle_code, appgroup_id, rowidentifier, rowversion, change_action, change_user, change_time) VALUES ('recordTransfer', '60', 'a15ae8e4-8894-11e5-98f9-a7bff27ac621', 1, 'i', 'db:postgres', '2015-11-11 17:52:44.499');
INSERT INTO approle_appgroup (approle_code, appgroup_id, rowidentifier, rowversion, change_action, change_user, change_time) VALUES ('cadastrePrint', '60', 'a15ae8e4-8894-11e5-bf47-a3abfc885997', 1, 'i', 'db:postgres', '2015-11-11 17:52:44.499');
INSERT INTO approle_appgroup (approle_code, appgroup_id, rowidentifier, rowversion, change_action, change_user, change_time) VALUES ('cadastreBulk', '60', 'a15ae8e4-8894-11e5-a61e-d32277837ab4', 1, 'i', 'db:postgres', '2015-11-11 17:52:44.499');
INSERT INTO approle_appgroup (approle_code, appgroup_id, rowidentifier, rowversion, change_action, change_user, change_time) VALUES ('cadastreExport', '60', 'a15ae8e4-8894-11e5-8ae5-97737e731cad', 1, 'i', 'db:postgres', '2015-11-11 17:52:44.499');
INSERT INTO approle_appgroup (approle_code, appgroup_id, rowidentifier, rowversion, change_action, change_user, change_time) VALUES ('cadastreChange', '60', 'a15c6f84-8894-11e5-93d0-8b960a9fdf1e', 1, 'i', 'db:postgres', '2015-11-11 17:52:44.499');
INSERT INTO approle_appgroup (approle_code, appgroup_id, rowidentifier, rowversion, change_action, change_user, change_time) VALUES ('surveyPlanCopy', '60', 'a15c6f84-8894-11e5-a67d-f3ac4f1bac85', 1, 'i', 'db:postgres', '2015-11-11 17:52:44.499');
INSERT INTO approle_appgroup (approle_code, appgroup_id, rowidentifier, rowversion, change_action, change_user, change_time) VALUES ('lodgeObjection', '60', 'a15c6f84-8894-11e5-a81b-cf2f0931f4d6', 1, 'i', 'db:postgres', '2015-11-11 17:52:44.499');
INSERT INTO approle_appgroup (approle_code, appgroup_id, rowidentifier, rowversion, change_action, change_user, change_time) VALUES ('redefineCadastre', '60', 'a15c6f84-8894-11e5-af76-1ba540e84360', 1, 'i', 'db:postgres', '2015-11-11 17:52:44.499');
INSERT INTO approle_appgroup (approle_code, appgroup_id, rowidentifier, rowversion, change_action, change_user, change_time) VALUES ('newOwnership', '60', 'a15c6f84-8894-11e5-b350-970b70c942f8', 1, 'i', 'db:postgres', '2015-11-11 17:52:44.499');
INSERT INTO approle_appgroup (approle_code, appgroup_id, rowidentifier, rowversion, change_action, change_user, change_time) VALUES ('subdivideProperty', '60', 'a15df624-8894-11e5-8b8a-73dbd509aab5', 1, 'i', 'db:postgres', '2015-11-11 17:52:44.499');
INSERT INTO approle_appgroup (approle_code, appgroup_id, rowidentifier, rowversion, change_action, change_user, change_time) VALUES ('titleSearch', '60', 'a15df624-8894-11e5-b8de-6bac462428dd', 1, 'i', 'db:postgres', '2015-11-11 17:52:44.499');
INSERT INTO approle_appgroup (approle_code, appgroup_id, rowidentifier, rowversion, change_action, change_user, change_time) VALUES ('newFreehold', '60', 'a15df624-8894-11e5-a43e-d7b1086b5884', 1, 'i', 'db:postgres', '2015-11-11 17:52:44.499');
INSERT INTO approle_appgroup (approle_code, appgroup_id, rowidentifier, rowversion, change_action, change_user, change_time) VALUES ('systematicRegn', '60', 'a15df624-8894-11e5-84c7-ab0efe96bebf', 1, 'i', 'db:postgres', '2015-11-11 17:52:44.499');
INSERT INTO approle_appgroup (approle_code, appgroup_id, rowidentifier, rowversion, change_action, change_user, change_time) VALUES ('ApplnEdit', '70', 'a15f7cc4-8894-11e5-90a5-9feaf9948d9d', 1, 'i', 'db:postgres', '2015-11-11 17:52:44.499');
INSERT INTO approle_appgroup (approle_code, appgroup_id, rowidentifier, rowversion, change_action, change_user, change_time) VALUES ('ApplnAssignSelf', '70', 'a15f7cc4-8894-11e5-8d17-4b338dc73b6e', 1, 'i', 'db:postgres', '2015-11-11 17:52:44.499');
INSERT INTO approle_appgroup (approle_code, appgroup_id, rowidentifier, rowversion, change_action, change_user, change_time) VALUES ('ParcelSave', '70', 'a15f7cc4-8894-11e5-a3d3-e74f2c507a64', 1, 'i', 'db:postgres', '2015-11-11 17:52:44.499');
INSERT INTO approle_appgroup (approle_code, appgroup_id, rowidentifier, rowversion, change_action, change_user, change_time) VALUES ('PartySave', '70', 'a15f7cc4-8894-11e5-ad94-cb37f7b42658', 1, 'i', 'db:postgres', '2015-11-11 17:52:44.499');
INSERT INTO approle_appgroup (approle_code, appgroup_id, rowidentifier, rowversion, change_action, change_user, change_time) VALUES ('SourceSave', '70', 'a1610364-8894-11e5-9f33-e710342a44ff', 1, 'i', 'db:postgres', '2015-11-11 17:52:44.499');
INSERT INTO approle_appgroup (approle_code, appgroup_id, rowidentifier, rowversion, change_action, change_user, change_time) VALUES ('ApplnDispatch', '70', 'a1610364-8894-11e5-a92d-6754aaa229d1', 1, 'i', 'db:postgres', '2015-11-11 17:52:44.499');
INSERT INTO approle_appgroup (approle_code, appgroup_id, rowidentifier, rowversion, change_action, change_user, change_time) VALUES ('ApplnStatus', '70', 'a1610364-8894-11e5-857f-3b049ac3cf64', 1, 'i', 'db:postgres', '2015-11-11 17:52:44.499');
INSERT INTO approle_appgroup (approle_code, appgroup_id, rowidentifier, rowversion, change_action, change_user, change_time) VALUES ('PrintMap', '70', 'a1610364-8894-11e5-a911-67d5f52f0ec4', 1, 'i', 'db:postgres', '2015-11-11 17:52:44.499');
INSERT INTO approle_appgroup (approle_code, appgroup_id, rowidentifier, rowversion, change_action, change_user, change_time) VALUES ('SourcePrint', '70', 'a1610364-8894-11e5-834c-0739e8b8348a', 1, 'i', 'db:postgres', '2015-11-11 17:52:44.499');
INSERT INTO approle_appgroup (approle_code, appgroup_id, rowidentifier, rowversion, change_action, change_user, change_time) VALUES ('ApplnView', '70', 'a1628a04-8894-11e5-ba71-9b45196ea320', 1, 'i', 'db:postgres', '2015-11-11 17:52:44.499');
INSERT INTO approle_appgroup (approle_code, appgroup_id, rowidentifier, rowversion, change_action, change_user, change_time) VALUES ('BaunitSearch', '70', 'a1628a04-8894-11e5-8b7f-139766e23748', 1, 'i', 'db:postgres', '2015-11-11 17:52:44.499');
INSERT INTO approle_appgroup (approle_code, appgroup_id, rowidentifier, rowversion, change_action, change_user, change_time) VALUES ('SourceSearch', '70', 'a1628a04-8894-11e5-ac5b-7b8c46e876f0', 1, 'i', 'db:postgres', '2015-11-11 17:52:44.499');
INSERT INTO approle_appgroup (approle_code, appgroup_id, rowidentifier, rowversion, change_action, change_user, change_time) VALUES ('ApplnValidate', '70', 'a1628a04-8894-11e5-96e6-9bf86e361373', 1, 'i', 'db:postgres', '2015-11-11 17:52:44.499');
INSERT INTO approle_appgroup (approle_code, appgroup_id, rowidentifier, rowversion, change_action, change_user, change_time) VALUES ('DashbrdViewAssign', '70', 'a16410a4-8894-11e5-9813-4b70c164dd4f', 1, 'i', 'db:postgres', '2015-11-11 17:52:44.499');
INSERT INTO approle_appgroup (approle_code, appgroup_id, rowidentifier, rowversion, change_action, change_user, change_time) VALUES ('ViewMap', '70', 'a16410a4-8894-11e5-9308-e740955417e3', 1, 'i', 'db:postgres', '2015-11-11 17:52:44.499');
INSERT INTO approle_appgroup (approle_code, appgroup_id, rowidentifier, rowversion, change_action, change_user, change_time) VALUES ('DashbrdViewOwn', '70', 'a16410a4-8894-11e5-bdda-d3632e2c3827', 1, 'i', 'db:postgres', '2015-11-11 17:52:44.499');
INSERT INTO approle_appgroup (approle_code, appgroup_id, rowidentifier, rowversion, change_action, change_user, change_time) VALUES ('DashbrdViewUnassign', '70', 'a16410a4-8894-11e5-989d-ef975d51cf57', 1, 'i', 'db:postgres', '2015-11-11 17:52:44.499');
INSERT INTO approle_appgroup (approle_code, appgroup_id, rowidentifier, rowversion, change_action, change_user, change_time) VALUES ('ApplnUnassignSelf', '70', 'a1659744-8894-11e5-a7e7-ffd5dcc75da4', 1, 'i', 'db:postgres', '2015-11-11 17:52:44.499');
INSERT INTO approle_appgroup (approle_code, appgroup_id, rowidentifier, rowversion, change_action, change_user, change_time) VALUES ('ApplnCreate', '70', 'a1659744-8894-11e5-a550-4b72954dad5a', 1, 'i', 'db:postgres', '2015-11-11 17:52:44.499');
INSERT INTO approle_appgroup (approle_code, appgroup_id, rowidentifier, rowversion, change_action, change_user, change_time) VALUES ('ApplnArchive', '70', 'a1659744-8894-11e5-8ec8-dfb5d978e7ec', 1, 'i', 'db:postgres', '2015-11-11 17:52:44.499');
INSERT INTO approle_appgroup (approle_code, appgroup_id, rowidentifier, rowversion, change_action, change_user, change_time) VALUES ('ApplnRequisition', '70', 'a1659744-8894-11e5-bea5-bbd090601f60', 1, 'i', 'db:postgres', '2015-11-11 17:52:44.499');
INSERT INTO approle_appgroup (approle_code, appgroup_id, rowidentifier, rowversion, change_action, change_user, change_time) VALUES ('ApplnResubmit', '70', 'a1659744-8894-11e5-b01f-43980b8db5c5', 1, 'i', 'db:postgres', '2015-11-11 17:52:44.499');
INSERT INTO approle_appgroup (approle_code, appgroup_id, rowidentifier, rowversion, change_action, change_user, change_time) VALUES ('ArchiveApps', '70', 'a1671de4-8894-11e5-98fe-834500780565', 1, 'i', 'db:postgres', '2015-11-11 17:52:44.499');
INSERT INTO approle_appgroup (approle_code, appgroup_id, rowidentifier, rowversion, change_action, change_user, change_time) VALUES ('RevertService', '70', 'a1671de4-8894-11e5-80c5-07d28676dc77', 1, 'i', 'db:postgres', '2015-11-11 17:52:44.499');
INSERT INTO approle_appgroup (approle_code, appgroup_id, rowidentifier, rowversion, change_action, change_user, change_time) VALUES ('StartService', '70', 'a1671de4-8894-11e5-ac93-bf653a26c9ff', 1, 'i', 'db:postgres', '2015-11-11 17:52:44.499');
INSERT INTO approle_appgroup (approle_code, appgroup_id, rowidentifier, rowversion, change_action, change_user, change_time) VALUES ('CancelService', '70', 'a1671de4-8894-11e5-96df-2ffd163f7747', 1, 'i', 'db:postgres', '2015-11-11 17:52:44.499');
INSERT INTO approle_appgroup (approle_code, appgroup_id, rowidentifier, rowversion, change_action, change_user, change_time) VALUES ('TransactionCommit', '70', 'a1671de4-8894-11e5-92d6-6b82e8e0351a', 1, 'i', 'db:postgres', '2015-11-11 17:52:44.499');
INSERT INTO approle_appgroup (approle_code, appgroup_id, rowidentifier, rowversion, change_action, change_user, change_time) VALUES ('ManageUserPassword', '70', 'a168a484-8894-11e5-b1bf-9392524349a6', 1, 'i', 'db:postgres', '2015-11-11 17:52:44.499');
INSERT INTO approle_appgroup (approle_code, appgroup_id, rowidentifier, rowversion, change_action, change_user, change_time) VALUES ('ViewSource', '70', 'a168a484-8894-11e5-bfbd-3f7b71e994ec', 1, 'i', 'db:postgres', '2015-11-11 17:52:44.499');
INSERT INTO approle_appgroup (approle_code, appgroup_id, rowidentifier, rowversion, change_action, change_user, change_time) VALUES ('CompleteService', '70', 'a168a484-8894-11e5-ad4d-7307ec83b267', 1, 'i', 'db:postgres', '2015-11-11 17:52:44.499');
INSERT INTO approle_appgroup (approle_code, appgroup_id, rowidentifier, rowversion, change_action, change_user, change_time) VALUES ('ExportMap', '70', 'a168a484-8894-11e5-8a09-278aa7d66e44', 1, 'i', 'db:postgres', '2015-11-11 17:52:44.499');


ALTER TABLE approle_appgroup ENABLE TRIGGER ALL;

--
-- Data for Name: appuser; Type: TABLE DATA; Schema: system; Owner: postgres
--

ALTER TABLE appuser DISABLE TRIGGER ALL;

INSERT INTO appuser (id, username, first_name, last_name, email, mobile_number, activation_code, passwd, active, description, rowidentifier, rowversion, change_action, change_user, change_time, activation_expiration) VALUES ('test-id', 'test', 'Test', 'The BOSS', 'test@simple.com', NULL, NULL, '9f86d081884c7d659a2feaa0c55ad015a3bf4f1b2b0b822cd15d6c15b0f00a08', true, NULL, 'be17a2c6-99dd-11e3-ba2b-af4cac70daca', 1, 'i', 'test', '2014-02-20 16:19:00.722', NULL);
INSERT INTO appuser (id, username, first_name, last_name, email, mobile_number, activation_code, passwd, active, description, rowidentifier, rowversion, change_action, change_user, change_time, activation_expiration) VALUES ('e21f7c3d-bb02-4a15-94f3-d076861bf343', 'demo', 'demo', 'demo', 'demo@demo.com', '2222222', '12345', '2a97516c354b68848cdbd8f54a226a0a55b21ed138e207ad6c5cbb9c00aa5aea', true, '', '07cbee47-f0ae-46f1-bb72-199abfbf41b3', 15, 'u', 'ANONYMOUS', '2014-09-21 17:36:36.559', NULL);
INSERT INTO appuser (id, username, first_name, last_name, email, mobile_number, activation_code, passwd, active, description, rowidentifier, rowversion, change_action, change_user, change_time, activation_expiration) VALUES ('9e7bb800-cc11-4174-a35d-2aac04f5d6dc', 'new', 'new', 'new', NULL, NULL, NULL, '11507a0e2f5e69d5dfa40a62a1bd7b6ee57e6bcd85c67c9b8431b36fff21c437', true, NULL, '8f883f01-bca4-40e3-b741-2ccf44ec7aec', 2, 'u', 'test', '2015-02-12 11:48:36.52', NULL);
INSERT INTO appuser (id, username, first_name, last_name, email, mobile_number, activation_code, passwd, active, description, rowidentifier, rowversion, change_action, change_user, change_time, activation_expiration) VALUES ('6843b8e6-0738-4a89-a0cc-fa03d385184e', 'user', 'User', 'Test', 'test@sola22.org', '32423423', NULL, '1b4f0e9851971998e732078544c96b36c3d01cedf7caa332359d6f1d83567014', false, NULL, '6f8c6293-fe64-4387-9f12-17ad7e41ef78', 6, 'u', 'test', '2015-02-27 16:26:51.642', NULL);
INSERT INTO appuser (id, username, first_name, last_name, email, mobile_number, activation_code, passwd, active, description, rowidentifier, rowversion, change_action, change_user, change_time, activation_expiration) VALUES ('020bf9c9-2fd9-4014-aa65-09463b3c9e56', 'user2', 'User2', 'Test2', 'test2@user2.org', '434-5453', NULL, '6025d18fe48abd45168528f18a82e265dd98d421a7084aa09f61b341703901a3', true, NULL, 'ec40c46b-f89a-46cf-91cd-8d177cdac74f', 4, 'u', 'test', '2015-02-27 16:27:14.329', NULL);
INSERT INTO appuser (id, username, first_name, last_name, email, mobile_number, activation_code, passwd, active, description, rowidentifier, rowversion, change_action, change_user, change_time, activation_expiration) VALUES ('claim-recorder', 'ClaimRecorder', 'Claim', 'Recorder', 'claim.recorder@mail.com', '111-222', NULL, '9f86d081884c7d659a2feaa0c55ad015a3bf4f1b2b0b822cd15d6c15b0f00a08', true, 'Demo user for claim recorder role', '4661fa74-1ba1-11e4-ae33-57068db554f3', 1, 'i', 'db:postgres', '2015-10-12 11:17:17.685', NULL);
INSERT INTO appuser (id, username, first_name, last_name, email, mobile_number, activation_code, passwd, active, description, rowidentifier, rowversion, change_action, change_user, change_time, activation_expiration) VALUES ('claim-reviewer', 'ClaimReviewer', 'Claim', 'Reviewer', 'claim.reviewer@mail.com', '111-333', NULL, '9f86d081884c7d659a2feaa0c55ad015a3bf4f1b2b0b822cd15d6c15b0f00a08', true, 'Demo user for claim reviwer role', '466c0cbc-1ba1-11e4-b1a2-877bd2f873c2', 1, 'i', 'db:postgres', '2015-10-12 11:17:17.685', NULL);
INSERT INTO appuser (id, username, first_name, last_name, email, mobile_number, activation_code, passwd, active, description, rowidentifier, rowversion, change_action, change_user, change_time, activation_expiration) VALUES ('claim-moderator', 'ClaimModerator', 'Claim', 'Moderator', 'claim.moderator@mail.com', '111-444', NULL, '9f86d081884c7d659a2feaa0c55ad015a3bf4f1b2b0b822cd15d6c15b0f00a08', true, 'Demo user for claim moderator role', '466c33cc-1ba1-11e4-af2b-6f314bab285f', 1, 'i', 'db:postgres', '2015-10-12 11:17:17.685', NULL);
INSERT INTO appuser (id, username, first_name, last_name, email, mobile_number, activation_code, passwd, active, description, rowidentifier, rowversion, change_action, change_user, change_time, activation_expiration) VALUES ('a16a2b24-8894-11e5-9590-6b39df459e80', 'admin', 'MNRE', 'Admin', NULL, NULL, NULL, '8c6976e5b5410415bde908bd4dee15dfb167a9c873fc4bb8a81f6f2ab448a918', true, NULL, 'a16a2b24-8894-11e5-9ac2-ef3b7fa1094e', 1, 'i', 'test', '2015-11-11 17:52:44.499', NULL);
INSERT INTO appuser (id, username, first_name, last_name, email, mobile_number, activation_code, passwd, active, description, rowidentifier, rowversion, change_action, change_user, change_time, activation_expiration) VALUES ('a16bb1c4-8894-11e5-8967-efadeda177a9', 'deedreguser', 'Deeds Registry', 'User', NULL, NULL, NULL, '3a1fbe3718bec66761c29cbfd640b6b245fd9a728a6115d7ac0e342a39224eef', true, NULL, 'a16bb1c4-8894-11e5-bfd2-7789fa11507f', 1, 'i', 'test', '2015-11-11 17:52:44.499', NULL);
INSERT INTO appuser (id, username, first_name, last_name, email, mobile_number, activation_code, passwd, active, description, rowidentifier, rowversion, change_action, change_user, change_time, activation_expiration) VALUES ('a16d3864-8894-11e5-8660-436f761b7820', 'gisuser', 'SG GIS', 'User', NULL, NULL, NULL, 'eadf21066c938cd862cf4bb59f1e36b9a75334b4a8445bb1053e0661446ebcd9', true, NULL, 'a16d3864-8894-11e5-8932-f3744303a245', 1, 'i', 'test', '2015-11-11 17:52:44.499', NULL);


ALTER TABLE appuser ENABLE TRIGGER ALL;

--
-- Data for Name: appuser_appgroup; Type: TABLE DATA; Schema: system; Owner: postgres
--

ALTER TABLE appuser_appgroup DISABLE TRIGGER ALL;

INSERT INTO appuser_appgroup (appuser_id, appgroup_id, rowidentifier, rowversion, change_action, change_user, change_time) VALUES ('test-id', 'super-group-id', 'be56cf8c-99dd-11e3-ac27-0343410f6672', 1, 'i', 'db:postgres', '2014-02-20 16:19:01.139');
INSERT INTO appuser_appgroup (appuser_id, appgroup_id, rowidentifier, rowversion, change_action, change_user, change_time) VALUES ('6843b8e6-0738-4a89-a0cc-fa03d385184e', 'ff94bfad-7079-41ea-bf4b-6962e36cad1f', 'eda84249-a431-4a47-9807-a74b8ec30df7', 1, 'i', 'test', '2015-02-27 15:33:00.741');
INSERT INTO appuser_appgroup (appuser_id, appgroup_id, rowidentifier, rowversion, change_action, change_user, change_time) VALUES ('020bf9c9-2fd9-4014-aa65-09463b3c9e56', 'ff94bfad-7079-41ea-bf4b-6962e36cad1f', '4b756401-3ccb-48e8-9993-633a9dcb6073', 1, 'i', 'test', '2015-02-27 16:27:02.988');
INSERT INTO appuser_appgroup (appuser_id, appgroup_id, rowidentifier, rowversion, change_action, change_user, change_time) VALUES ('claim-reviewer', 'claim-reviewers', '46700466-1ba1-11e4-811d-bb4889ee1d9a', 1, 'i', 'db:postgres', '2015-10-12 11:17:17.685');
INSERT INTO appuser_appgroup (appuser_id, appgroup_id, rowidentifier, rowversion, change_action, change_user, change_time) VALUES ('claim-moderator', 'claim-moderators', '46705290-1ba1-11e4-9cdc-d78e1a6af69e', 1, 'i', 'db:postgres', '2015-10-12 11:17:17.685');
INSERT INTO appuser_appgroup (appuser_id, appgroup_id, rowidentifier, rowversion, change_action, change_user, change_time) VALUES ('test-id', 'CommunityMembers', 'bf6cd289-18fe-45f1-93ac-da251a864bee', 1, 'i', 'test', '2015-10-12 11:17:17.685');
INSERT INTO appuser_appgroup (appuser_id, appgroup_id, rowidentifier, rowversion, change_action, change_user, change_time) VALUES ('test-id', 'CommunityRecorders', '466fdd56-1ba1-11e4-b8f6-e7421ee931e9', 1, 'i', 'db:postgres', '2015-10-12 11:17:17.685');
INSERT INTO appuser_appgroup (appuser_id, appgroup_id, rowidentifier, rowversion, change_action, change_user, change_time) VALUES ('claim-recorder', 'CommunityRecorders', '466f8f36-1ba1-11e4-9f4e-13649f8ebcde', 1, 'i', 'db:postgres', '2015-10-12 11:17:17.685');
INSERT INTO appuser_appgroup (appuser_id, appgroup_id, rowidentifier, rowversion, change_action, change_user, change_time) VALUES ('test-id', 'claim-moderators', 'cd1007b8-eb5f-11e3-8c6d-afdc9e2ad33d', 1, 'i', 'db:postgres', '2015-10-12 11:17:17.685');
INSERT INTO appuser_appgroup (appuser_id, appgroup_id, rowidentifier, rowversion, change_action, change_user, change_time) VALUES ('test-id', 'claim-reviewers', '466e0896-1ba1-11e4-9c89-ff1ae04cc155', 1, 'i', 'db:postgres', '2015-10-12 11:17:17.685');
INSERT INTO appuser_appgroup (appuser_id, appgroup_id, rowidentifier, rowversion, change_action, change_user, change_time) VALUES ('a16a2b24-8894-11e5-9590-6b39df459e80', '10', 'a16bb1c4-8894-11e5-9e61-c72c35e1d889', 1, 'i', 'db:postgres', '2015-11-11 17:52:44.499');
INSERT INTO appuser_appgroup (appuser_id, appgroup_id, rowidentifier, rowversion, change_action, change_user, change_time) VALUES ('a16bb1c4-8894-11e5-8967-efadeda177a9', '60', 'a16d3864-8894-11e5-bfca-575f5dac3a2b', 1, 'i', 'db:postgres', '2015-11-11 17:52:44.499');
INSERT INTO appuser_appgroup (appuser_id, appgroup_id, rowidentifier, rowversion, change_action, change_user, change_time) VALUES ('a16d3864-8894-11e5-8660-436f761b7820', '70', 'a16d3864-8894-11e5-b565-eb4c8ccff544', 1, 'i', 'db:postgres', '2015-11-11 17:52:44.499');


ALTER TABLE appuser_appgroup ENABLE TRIGGER ALL;

--
-- Data for Name: appuser_setting; Type: TABLE DATA; Schema: system; Owner: postgres
--

ALTER TABLE appuser_setting DISABLE TRIGGER ALL;



ALTER TABLE appuser_setting ENABLE TRIGGER ALL;

--
-- PostgreSQL database dump complete
--

